id,Label,pid_1,year_1,season_1,pid_2,year_2,season_2,lat,lon,neighborhood
58027,0,UnBJ6gpdf6ZqX215kFQNGg,2021,summer,W6HcNF6eP6a216OK6nZVQg,2011,summer,39.96377811,-75.17118132,Spring Garden
15615,1,dIYdxzBz5qZKeyubk2i7Pw,2009,summer,iWVa2nlJzZM33vLAIhXmBA,2018,autumn,39.93371238,-75.17715752,Point Breeze
69213,1,k9g0rdvuEONtHCnfP9JeMw,2011,summer,SMzypJ66rtBSfLpheydn7w,2019,summer,39.96705653,-75.11211223,Northern Liberties
15650,1,Lhv1bCgcYxshIyyxdUs-og,2009,summer,PnOmyfZSrNZNAeaqRMTISg,2017,summer,39.93103217,-75.17636791,Point Breeze
179162,0,VP7mL0OELCVDWuKWfNONBw,2012,spring,_OQSUmK0lL67xPiP1qawlQ,2018,autumn,10.01113051,-75.03125517,Holmesburg
119182,0,qZri_x_2BhxqNB0fkOa5YQ,2018,autumn,AtEAW8DZTaIhQBI_I5WHfg,2012,spring,10.03516987,-75.01722278,Mayfair
17156,1,emJmLIOjuOsYnwo0J_mQlw,2012,spring,OqTn96Ps0iaCxex67HJOgQ,2018,autumn,39.93886691,-75.16113979,Hawthorne
161892,0,Mdc9cl2CGgGvdMJh8p5BLQ,2011,autumn,5M2oE3XP3Z0WDu0KfUL0ig,2018,autumn,10.03782685,-75.02673399,Holmesburg
85701,1,qin56_6E-VqZtAoOuh_eKg,2011,summer,jE_GcaCFv3jFQ9_qMAGNfw,2019,summer,39.97703696,-75.13111022,"Kensington, West"
66398,1,xIIanCG2lZ6_ITxw5FkHtQ,2012,summer,ZQQp1Q3U1dRm_dXAivukow,2019,autumn,39.95581603,-75.11131808,Old City
11922,0,TjBV00hPUGIafLM_6j-ddg,2012,spring,np1o90luNJY3nSHyyDme_A,2017,autumn,39.99789087,-75.22681721,Wynnefield
61066,1,Crhs-CSfEOuVodFoynxhWA,2012,summer,KyWVk6qpFBSxCDeddsRgsQ,2019,summer,39.96757002,-75.1636507,Francisville
50709,0,l8SXwuNo28Cv5fEotD8FGA,2011,summer,WMEI6BgM1JEwCUHuixkvTg,2020,autumn,39.91621939,-75.15788352,Washington Square West
16328,0,t22HUA1pDZPoGa1Lt2ng5Q,2012,spring,wruM6I6WSCnk0Nd1_113ow,2018,autumn,39.98937288,-75.22883896,Wynnefield
68196,0,_vqH_9YXw0qtWv_G-Mp1Hg,2011,summer,Pk551K_y8DwZXB8zaCeVCw,2019,autumn,39.91701921,-75.15120119,Society Hill
35121,1,DFqQMZ3u7OzzYAt7dvpqdQ,2017,autumn,KVIsvWrKdihQRgL8hHvwpw,2011,summer,39.95381312,-75.20016105,University City
61068,1,M9KPq6lm7smaklLrP5gEWQ,2011,summer,GaOsLyQDQOfJWS9Oy8y30g,2021,summer,39.96756021,-75.16365329,Francisville
182018,0,BADWGhJoDeplzxysKk5fng,2018,autumn,fN8wyvUmMsjZLmx2Ug83zw,2012,autumn,10.1200931,-75.00555202,Somerton
16779,1,DfFBdspdQQGz_iwZXskaNQ,2019,autumn,IGX1soeePoTOosCsWVuxkw,2011,summer,39.9132827,-75.18289626,Graduate Hospital
71906,1,0anbhLHGt-YRr0mYg7ROVA,2019,summer,7xmadJytIB5dZFAZVi9ecA,2011,summer,39.96315121,-75.13711108,Northern Liberties
23180,1,QqpFiB8NgGIsEtTyOYfTuw,2011,summer,Bxx152tekQs2JY5J2-rD3A,2018,autumn,39.9193322,-75.23597893,Cobbs Creek
53193,1,QSMHsD91iKlMfYbb7Ths8w,2009,autumn,gYQzuZdG7r_Bc5tw76wqTQ,2017,autumn,39.96395588,-75.18756112,Mantua
19222,1,oF9GtJ7RhqduZp3lksGL6g,2011,summer,iuLKjNT9NiybHCXRmpzLPg,2017,autumn,39.91521507,-75.18570619,Graduate Hospital
69358,1,CzWiREEQZQlHZxycGtEZmg,2011,summer,gariWF1_MIzJD7cjbcoWow,2018,autumn,39.96618398,-75.11110805,Northern Liberties
66061,1,LU1-7-0nnfJ-UuhCQKBLPg,2021,summer,1uUqwcarUUsWec_JiDJMVQ,2011,summer,39.96319182,-75.15571563,West Poplar
18125,1,ZUZkXS3j1rIuk6_BOjMt2g,2018,autumn,SLFdXcrM6rzYEeVVf68lUg,2011,summer,39.95778513,-75.19063113,University City
9170,0,eQMY9dV7QykOCo0sa-pvaQ,2017,summer,KU1qx1Fylpy3ZbxGn86yOA,2012,summer,39.91996516,-75.17501716,Girard Estates
10557,0,WEabHrb-WQ2RpFot5QQeJw,2019,autumn,_aPqF9J12_8Txrk8T8jCaQ,2013,summer,39.91806719,-75.1703537,Lower Moyamensing
12981,0,KZUD2BGVMHTgSLe9vLq8HA,2018,autumn,9WjxSvoAGCmY8LMvRxjYKw,2012,summer,39.92195702,-75.18110783,West Passyunk
157789,0,GJQVbT-VA_zyPNAwaew-OA,2012,spring,aGGo53S0F3olnehDB1-Oww,2018,autumn,10.01516851,-75.06192766,Oxford Circle
129190,0,PNTvUTEKmBw8EvojBKWGNQ,2018,autumn,LoKu6vMrAEKFqfUsoLR37Q,2011,autumn,10.06199787,-75.15772112,West Oak Lane
51011,0,tyJuP_OonfDv6kIAe1NsNg,2019,summer,1tQweY0kIhXYoF0rIqU7WA,2011,summer,39.96015367,-75.18876182,Powelton
97869,1,TbUySg3EDvxdk3yEPrP7JQ,2011,autumn,3D5xn-E3be5Vl1BAHto8nw,2021,autumn,39.9916118,-75.09999112,Harrowgate
91785,1,ZZiaBjgsu7_LlM9rCMMoxw,2009,autumn,mCdeTYQz_066hT2pBuwY7A,2018,autumn,39.97918579,-75.11783529,Fishtown - Lower Kensington
168857,0,FUzLKWB08mCeFOSoQqBM6Q,2019,summer,91eXHrVR1LahTDHY1Bg6JA,2012,autumn,10.10593731,-75.05531717,Bustleton
63078,1,0513IK2Me5tDmk7iHuqvOQ,2011,summer,Lhp2BBNVeSjdohxl-NYniQ,2019,autumn,39.91271785,-75.15218109,Society Hill
119161,0,MAOI3jb-nmBDwZ20lVT5ew,2012,spring,x22YdNYh_S68mjvMAK27pg,2017,autumn,10.03689878,-75.05332179,Mayfair
15957,0,qYyL6E79g1XokXBV6X8QQQ,2011,summer,fuD5pZyujHBLcO29hO6YAg,2018,autumn,39.93016653,-75.15979011,Passyunk Square
109911,0,WvhXdQR1j2-yej5Kt9X5Xw,2012,spring,akapESj6qnjfhOBPGDlqew,2018,autumn,10.0312112,-75.16381023,Wister
73225,1,eo9whOFg3d6uRnfvbshagA,2011,summer,h_KyiCf-7b75XewMBIEcSw,2018,autumn,39.98158038,-75.1862901,Strawberry Mansion
130733,0,CzKjawXqk0oROTexRchmEg,2019,autumn,56LL6bWPVyfyFvsG1t8Hrw,2012,summer,10.07191062,-75.17208161,Cedarbrook
152270,0,M03veVhObXDWnDCqtflynA,2018,autumn,oZQGbknTQrJ-zsQBbY_Gcg,2012,spring,10.03830613,-75.09123178,Crescentville
68890,1,Jd73q8Vc_OMvU1_2uBxVNw,2012,autumn,5reiykgm0riKOCBQ_-m8lw,2019,summer,39.96621197,-75.11600176,Northern Liberties
15803,1,oUkTdban19p06jHzAH-N5w,2011,summer,HpI5rmUweqLoW_mGq3c2Pw,2019,autumn,39.9311599,-75.16993761,Point Breeze
88862,1,VwlOhDLmuft3jV5UUbLKNg,2009,autumn,WMdwjAImpKrpUvFnTW8Riw,2018,autumn,39.98271708,-75.12625715,East Kensington
17251,1,xcKvLuFyn-zg22GfzU3sBg,2009,summer,iOn5nLDXzTxSp8qTjYdeZw,2021,autumn,39.91211729,-75.17913916,Graduate Hospital
17258,1,liAD1B1UrsKAMGGTIhovnA,2011,autumn,iJDuthYvE8GOeqUMTuvj5Q,2017,autumn,39.91211932,-75.1792592,Graduate Hospital
72171,1,7D5UnuJ3kLQJdBM8wFz6hA,2017,summer,2sbgAPuLkwHI672Ptke6Nw,2011,summer,39.96253316,-75.15336098,West Poplar
121569,0,Yv2n_iFtPLAnpYz879uhEw,2018,autumn,wofnXPFNYm0lyXwrhJvwzg,2011,autumn,10.01196155,-75.17010233,"Germantown, Morton"
166310,0,R2LUO3gslzGpwUD15eu6pg,2019,summer,Gk1Kk_mz0gESV1765P6Zyg,2012,autumn,10.09795311,-75.05211155,Bustleton
10010,1,Vh2N_nmYpwKaC-IF3vLQKQ,2017,summer,fLcQlmlwmB1A2HbaM00FMA,2011,summer,39.96610921,-75.20193061,Belmont
163790,0,AA7_hpY5FgtAQPtM3W8ugw,2012,spring,w3-ddQu5OxmhVnJLthVfpA,2019,summer,10.05018979,-75.08116951,Oxford Circle
169679,0,p93_q6QrKXrCyQmVjAS1XA,2019,summer,0HirqVKmot_-JvQE1MmMLg,2012,summer,10.08913617,-75.01911901,Bustleton
113720,0,355JZblkuJz1toYUUlhpKw,2018,autumn,wZxPEuxv-ZNfD-JnZRkttQ,2012,spring,10.02565975,-75.05011216,Tacony
20761,1,N5Ene9Go2TgXNqjKmW6mFA,2011,summer,IVLa2MlUTZADK_Jt7-9ryQ,2018,autumn,39.93777637,-75.15328732,Bella Vista
125519,1,OFOCdRVp1kAYx7JLNMCn1A,2012,autumn,N31xrpKIg6ATR0eyycO_7Q,2018,autumn,10.05355371,-75.18630381,"Mount Airy, East"
86057,1,GTZibW3WVoITZ-WcVOsPeg,2011,summer,Gu6FJP5PZZTNPICxzMpIFA,2019,summer,39.97756316,-75.13203558,Fishtown - Lower Kensington
27271,0,ZcwWhQTBXW1V3GEthug1fQ,2012,autumn,bYQk_HXIbPs63zBSNGM1NQ,2018,autumn,39.97233639,-75.21911307,Overbrook
71223,1,_w0SDlj-BnFfIy7pypmbvw,2012,summer,o-8HYI1PMiWGfncTyIQn1Q,2018,autumn,39.96171101,-75.11185211,Northern Liberties
17609,0,y6ovJB2KKhW15QsrXCbdVQ,2019,autumn,ZGP_3yIhQpqGhMm2IRq8zg,2009,summer,39.91133028,-75.17097623,Graduate Hospital
79111,1,vnIeSlEXR6RkJFLp8l7smA,2011,summer,SGVzLyG71YJKkfgihVGIig,2019,summer,39.98666537,-75.15909157,Stanton
18105,1,L31Q_RVSpzMQVvAVMmVivQ,2011,summer,ZtfqlVnDyLG9Z2Ahm7y5jg,2018,autumn,39.92213823,-75.15582855,Whitman
12510,0,D1Dk1cHwXc02dfx0-OdEJg,2011,summer,AszD8hPcUn6gqqEok0mdow,2019,autumn,39.93261518,-75.18117761,Point Breeze
95953,0,1pl9gvYc-uOKjZt7B91eZw,2011,autumn,NX9GwatCn8UUGgqratIyyA,2018,autumn,39.98299783,-75.10302915,Richmond
81057,1,gj2d37yj1V9Cbj-QaYEBDw,2017,autumn,3c-iUO087AWhwFjkjBi5xQ,2011,summer,39.98710596,-75.15223617,Hartranft
155272,0,8mQ3TuLK_7Gim22C0rBbrg,2018,autumn,uXI3fEjfCI9PwRmFeRgh0A,2012,spring,10.01095281,-75.01610288,Mayfair
18980,1,bma7pZblCMOS1CJuFVzuNg,2019,summer,08Y_cS7jEhWWfmPGTgIZYA,2009,summer,39.91769621,-75.182691,Fitler Square
75152,1,WtGwWI1KXC_t3DYk7aIdRA,2012,spring,7um8gKd9sTNoDxg2_nBUXQ,2018,autumn,39.98552718,-75.18693709,Strawberry Mansion
53613,1,o8xO9tb81CeqiSFYzBYoCg,2012,autumn,pT1bFlKUojyeXGJGBDSTpQ,2018,autumn,39.95087295,-75.17619063,Rittenhouse
71100,1,K1FBWcfdkca1SlGvpKKtBg,2021,summer,Sm_H2zjyFEzV2U3Kx-XkPQ,2009,autumn,39.96129278,-75.11276216,Northern Liberties
20783,1,QnTfkpt6DDhLNlSOmWUGdg,2011,autumn,aygACXePYFfTTfIReAZQTw,2018,autumn,39.93780002,-75.15313678,Bella Vista
91188,0,aUmo0OHe0hxUwrqLc77I6A,2011,autumn,6n0_Y9nhHr7vpIzxgiH9nA,2018,autumn,39.9981523,-75.1210702,Upper Kensington
19822,1,EHAr1vzTDbwpnQU3RVGfEQ,2019,autumn,a0arMfwkXcll5F_JosPCfg,2009,summer,39.92808931,-75.11768119,Pennsport
128698,0,pau1RIS6jfdYkbTTK1JNrg,2019,summer,tBff2T5jNzx5TKVMXxPXcA,2011,autumn,10.02892368,-75.12080198,Olney
16151,1,qgpzIY8gstdF087hHF0XeA,2019,autumn,qbnLVfnQGORYLrC1QkrmTA,2011,summer,39.93611125,-75.17168773,Point Breeze
10175,0,P-KGiOO9-odMU-eygzfOgA,2009,autumn,3XR2ofdqPAZe8hkhyT-a7w,2018,autumn,39.97798691,-75.26668571,Overbrook
88139,1,okxp_dLkbBF6cMJn7elkEw,2011,summer,F8A_aqj3DuyISMXDjSU2_Q,2019,summer,39.98131765,-75.13099216,East Kensington
11136,0,YQ3g5XExPx1BZXyCW3CY_w,2019,summer,19zZuH3tPrY5A_ndDYjJvg,2009,autumn,39.97382179,-75.19931039,East Parkside
37071,1,ZMQ3W66DJCqCQTxf1pOI2A,2009,autumn,mdtP8zt-OMtMaD8tqhlulw,2018,autumn,39.97128571,-75.22588582,Carroll Park
179651,0,zVhOhE0pWGE2RFAJy6wmsQ,2018,autumn,OxUInmlh--oO9t-Ovi-z8A,2012,spring,10.01965639,-75.0066315,Torresdale
19171,1,o-aNBSJx99i1XNcUiSGJCA,2011,autumn,HH1-hItC9Om8cHErZlZo5w,2019,summer,39.91176013,-75.18037889,Graduate Hospital
82776,1,A8gTRDPnVopBfIOd0LB9Jg,2018,autumn,mV2OTvAnJHEN9BaGlA_CmA,2009,autumn,39.97606332,-75.11871122,Ludlow
125037,0,Ygny3KT2-Y3mKa_r0772ow,2011,autumn,UhYh1sMPwnnws02NyHugDA,2018,autumn,10.0181901,-75.15181603,Ogontz
32971,0,2sliqF85DAxR2meJ-FeBHg,2012,spring,VMo0BP7ma1jtgAMf8IFoGg,2018,autumn,39.96310238,-75.22976961,Haddington
52131,1,Z3eEHWCdxUjRiCRhScXZRg,2011,summer,AnpOgMpVnhJ6XHKz9GJFWg,2019,summer,39.96533879,-75.19081713,Mantua
127860,0,I_sQbtiejpFPnEbJu2IgsA,2012,spring,xew-Fxc0hRoMeto2QDnCAg,2018,autumn,10.03760051,-75.13027591,Olney
53685,1,pTpzdwrhKsatBJjx_3lQdg,2011,summer,sqbSk6dLdMg9BPtSYZpeTA,2017,summer,39.95127031,-75.17366175,Rittenhouse
85156,0,y8VoiGCq7KprUZov-oOZDQ,2012,autumn,h6V8RyTOcZEAUI5NG0bK9w,2021,summer,39.97889311,-75.11306701,"Kensington, West"
16131,0,XLtUtfPUbIrVOly6XpfM2A,2017,autumn,hxePyQgF5sMuf1fJOEJ7mQ,2009,autumn,39.98911833,-75.22720068,Wynnefield
35118,1,7C2yJwBbvn6gu1kY3hkrVg,2018,autumn,W_QqDIamQjjrRvlt9YUyqQ,2011,summer,39.95532529,-75.21280038,Spruce Hill
90571,1,Ual8QfY5SZotC6mvyf9WBQ,2021,autumn,cfhEiRBMC1wHMfQ6ALX0HA,2009,autumn,39.98979881,-75.12551922,East Kensington
38926,0,J6ESOiiGsRYc-pNLBkkZfA,2018,autumn,crMQIxfjKLYOk6dMUWhirA,2011,summer,39.97100318,-75.20719822,East Parkside
17239,1,ucPRZk6_NHzdYrhH7EPvSg,2009,summer,pW-dKlQZn1nvkxSEYGIaKg,2019,autumn,39.91261981,-75.17751012,Graduate Hospital
60696,1,XxDtDMVfKKVXxqIpP2Ljrw,2012,spring,F56dUwnmGCFQqdQoM1mcVg,2019,autumn,39.95871233,-75.16230325,Logan Square
90600,0,uSu0iJgMGPwcqejJ6oK7vQ,2018,autumn,Q72NGeFOfpY52EDCfhdMrw,2012,spring,39.98915311,-75.12623375,"Kensington, West"
78111,1,sqbCDq5z1ZxsT-Wpu0hiIw,2011,summer,zunIhbePbqWvfgbd--S36w,2018,autumn,39.97818711,-75.16011285,North Central
15555,1,soQ7T0v_uzjasqNLE9UdjQ,2012,summer,gxqOvwWOhN2c1OT0x0gfVw,2018,autumn,39.9311929,-75.17720665,Point Breeze
162759,0,TbDbz1mbEH85JiwjQ9uLRw,2012,spring,6ArMS65wE_WnHgAr0FPAYw,2017,autumn,10.03889995,-75.032018,Holmesburg
87590,1,9l3oLPTds1S7__tznAD3RA,2017,autumn,Y6UnBUhjzvF9abxtUYh22w,2011,summer,39.97778111,-75.12269281,Fishtown - Lower Kensington
89150,0,IhACTFlClNMP6R_yTQzsEA,2011,summer,PIuM6lVRD5EklYRPENG5Xg,2021,summer,39.98929118,-75.13122805,"Kensington, West"
15636,1,c7mtj28sZ9InsM_yybzPEA,2011,summer,WPTWi5EFl68mhMcetRUotg,2019,autumn,39.93301835,-75.17381027,Point Breeze
17811,1,0n5_9JVqmFumAhXVpG2s-A,2020,autumn,2ELcfIkZUEEhxw9dtgZR0Q,2013,summer,39.95019983,-75.17716161,Rittenhouse
87699,1,fkLEMee1M71fyMmcyt9Eyw,2011,summer,K5X2RDIEhGz_TVU1kn188w,2021,autumn,39.98152861,-75.12091672,Fishtown - Lower Kensington
116861,1,YkSn7N6-pxg2KFR38BgjDA,2018,autumn,BjLG9M86DjDVixEOiL919A,2012,spring,10.02088678,-75.06316015,Wissinoming
16161,1,2Dw0Tn5sUHHLzH39UC2Lkg,2019,autumn,IerzwLWeQHJEXaePmCHoeQ,2009,summer,39.93671917,-75.17035958,Point Breeze
111137,0,FMPSHGzGTlBqLgBm2AEG-Q,2018,autumn,Q8h01567o5MAM9EVWIWGKA,2012,spring,10.02259125,-75.01221639,Tacony
61661,1,pugnTa6QM8taLl0ZcVv55w,2009,autumn,yu8Y7is0HE7XmM0FCrUZ5Q,2017,summer,39.97062531,-75.16298228,Francisville
75011,1,D9jtzMEeMlISoljWdEjClQ,2021,autumn,yPPG-RSfdV8A6M7CuLhW7w,2011,summer,39.96362106,-75.13789021,Northern Liberties
152621,0,UrUTJ59qfIvlkgTq_xEDiQ,2011,summer,XBAdtjpxfEyVKBWGOuoLwA,2017,summer,10.05017723,-75.05536161,Rhawnhurst
19123,0,QHEekrPdAsxkqOMSRCNAkw,2018,autumn,TrlhUMV-XC29W3yGPoWC7g,2013,summer,39.92071281,-75.15103668,Whitman
58725,0,P2GpxNi0_aRdZ7vkKOGDQw,2020,autumn,RgCcLc1_Ax8NKbkYVbjlEQ,2009,autumn,39.95816638,-75.17101262,Logan Square
156161,0,097WDX3umyRY9gdMk3RXhw,2019,summer,1gfrPRYGj3Pbk97PzQ73lQ,2012,spring,10.0131837,-75.05025315,Mayfair
77290,1,CaaBXDbpLDSh23kI3rk33A,2011,summer,BJrKIB3NizPBdKcLwNEIcw,2018,autumn,39.98817718,-75.18382286,Strawberry Mansion
62181,1,xJIs-Y1nefLtQ0jIslLE-A,2009,autumn,PDrBEfZawtULniyeBefmSQ,2018,autumn,39.97112291,-75.16515317,North Central
62713,0,0VIzNPd8uQ9wW8f3mu3KGA,2011,spring,quqQ_-3kJcFPMhX7uyUSSw,2020,autumn,39.9111319,-75.15181728,Bella Vista
52079,0,RLViyCQgN8WV77ZvNPCWrg,2020,autumn,HVeqtpSdGDDeSyvw6p3RzQ,2011,summer,39.91791282,-75.17272892,Rittenhouse
13337,1,U3M_RVHCYjsqEiUGEsp5tg,2019,autumn,2ZX8nYPzmB9XFR5qVHNaag,2012,spring,39.93622817,-75.18711315,Grays Ferry
20908,0,75v6CiK3Ib5vgoXElEFBVQ,2009,autumn,DMZjy5Q2Gz7VPD3w7n5Ziw,2017,autumn,39.93853982,-75.11987712,Queen Village
86968,1,ngAEREAQMoUS8w1d5K7vRQ,2018,autumn,MMIGwbjEZa6_XWNs3E3AKw,2011,summer,39.98057805,-75.13220662,East Kensington
87261,1,kPgpSRhk0Kq0kzql_t235w,2009,autumn,3Woe-WxnialUT7axog9cpg,2018,autumn,39.98008556,-75.12727622,Fishtown - Lower Kensington
72193,0,nv-pALLWiGa0y2AMAotgvw,2011,summer,uOPb6aymerxojicTBR5evw,2019,summer,39.9637125,-75.15310199,West Poplar
119879,0,FS_2L1v5z2im2nRI-5FrRg,2019,summer,rgctFI5vC0CWEmQfXCeW3g,2012,spring,10.03291901,-75.05208677,Mayfair
59679,0,t67DsvDnvMnCxjrQzhgI_A,2012,summer,oPckT2mN_nDU8fiy8YNErQ,2017,summer,39.96728153,-75.1736651,Spring Garden
181955,0,nENAWtV0DWMGcezg8d3ZfA,2018,summer,UGlF9fIfbpqpqjNnHOI0GQ,2012,autumn,10.10075038,-71.97521205,Parkwood Manor
181936,0,hzUFq9Z0fTWSYplGZqkI2Q,2019,summer,QCwyHATTjYsw7AwEVLpdmQ,2012,autumn,10.10337161,-71.9789913,Parkwood Manor
38111,1,Xmz5oOSweatPVloPpA7R1Q,2011,summer,A0yGLnlUCfQLgzjtFalx9A,2017,autumn,39.95871721,-75.20712173,West Powelton
68669,1,rga1AZ7Ix7K8BhdWmTpC1Q,2012,summer,cMc0UexOZcBYMW6fJBw3eA,2018,autumn,39.91810726,-75.15127581,Washington Square West
11110,1,z_BMhPWBiP6TC6Q7leY1bQ,2011,summer,RaxGlAlzg_XI9Wq7JNJYyw,2018,autumn,39.92096297,-75.15933585,Lower Moyamensing
10590,0,taHjyCNS90-WBDJ-baMT8A,2013,summer,0CltyOxej1ht5v3dmF1bcQ,2018,autumn,39.9165767,-75.16382791,Lower Moyamensing
37658,0,R-m9V82prSxxzH1aWaNvuw,2009,autumn,vhbBu9IAIIWQmSC5d__Hjw,2018,autumn,39.96356119,-75.208516,Haverford North
113388,0,8GTKPfeey0ezz-FYInq0Dg,2019,summer,plUtHbaCW_Lo06kDMtG0pg,2012,spring,10.0322596,-75.06113867,Mayfair
69077,1,sglI3kn2sXOVHLfbPRaRnw,2021,summer,rBmfDLSLF1Mpjim2rlJbRA,2012,summer,39.96777015,-75.11232261,Northern Liberties
35831,0,FT5OvGRx8QHZweGfwP1bEg,2012,autumn,YkYMi7dYupUa0NzoTROyGA,2017,summer,39.9675917,-75.23221631,Haddington
19025,1,dv0sKsJ5jmKbJdesSBR8fw,2012,summer,zv5H8kLZo-JMoz1fdB6iyg,2019,autumn,39.92629101,-75.11933119,Pennsport
16159,1,DkrwnHJce5svVrlgLhJqFA,2011,summer,HdxEmAx1WSw5NaypLhGUYw,2018,autumn,39.93618512,-75.17011901,Point Breeze
10115,0,smwGheFYCx-1HHDn35qAXw,2012,spring,b6_YhjrjGyl2PubaS8YLsQ,2018,autumn,39.9610037,-75.20579177,Haverford North
16627,1,YiMSQy3Toeo9uAUuYWs5wA,2017,summer,pm-Cu9JMZcX1M-wrZF-d_Q,2009,summer,39.93552289,-75.15981121,Passyunk Square
17129,0,rpFW0tCcX6hM23FajGparw,2020,autumn,pIN07QYjkBG1KkWcNOm6FQ,2011,summer,39.91511131,-75.1775188,Graduate Hospital
61611,1,m_wqrWD1E7ShF6B2xwTsAg,2018,autumn,N1jVIoOJciBQiuDBo8ZnmA,2009,spring,39.97196211,-75.16267688,North Central
33766,0,2Qbzhh1MDCuhbWxZOlqBUA,2018,autumn,x_spiRuHL0jzw8Iw3HEjCg,2009,autumn,39.95611707,-75.20983981,Spruce Hill
32111,0,wtDjQTles_woCaUBRP0MJQ,2009,autumn,v3syjCtGc0PA9BbSplpI8A,2017,autumn,39.95595121,-75.21866801,Walnut Hill
69176,1,gyTvl-FRlIqSwwU25Ple3A,2011,summer,KjYf-xyAHhawdEtdzhE1dw,2018,autumn,39.96512226,-75.1112721,Northern Liberties
52869,1,wyyOWRiAuxttmb_djEJE1A,2009,autumn,ClUpLmRd3xm_q1_00-Se1Q,2018,autumn,39.96165655,-75.19177336,Mantua
5921,0,9RFS2DZ0SDZQJN5iQOF8pw,2012,summer,Lnnh7wiPpJEXvGpjHknk5A,2018,autumn,39.91177315,-75.22262917,Kingsessing
13936,0,u0wm8JoGBU5Z0tlhCkmMNA,2009,summer,cIzNBJSykRAnnd0hre9jNg,2019,autumn,39.92655732,-75.1768205,West Passyunk
61531,0,FlKSk3Fgusxiqv1PsMDKpg,2011,summer,J71b7XOZTLzEOy8jMaEZtg,2021,summer,39.97383791,-75.16389679,North Central
17611,1,eh1loFcMRe858nlrIxl8kg,2009,summer,8eUE9-cmKJya1mDpBDAcyg,2017,summer,39.91121631,-75.1693873,Graduate Hospital
38256,0,vhd-k2IAZhLlsioqBizc0Q,2012,spring,2LsEONz7V8H35lNel7HxRw,2018,autumn,39.97227128,-75.21515239,Mill Creek
18109,1,1pugSkA-2_UTjCU7VlRgVw,2019,autumn,gnLM3kDQSHxbWJrqyVRzRQ,2009,summer,39.92205661,-75.15525067,Whitman
76311,1,qzY7rJQ22LGDlRVFyxy_ig,2011,summer,zivSAPzRMdFbuFEs1oj6DA,2021,autumn,39.98028921,-75.18553521,Brewerytown
172910,0,vU8Q0d_X-HaTEjXQHFbIkQ,2019,spring,iUbc-8_WbLjKtOXKslMNOQ,2012,summer,10.08126179,-75.08205116,Fox Chase
91101,0,CACvUWZSjeMi5VBMipBFKw,2011,autumn,BQCcrVW-MkyfYs7HL1NN_Q,2017,summer,39.98790879,-75.12012859,Richmond
68922,1,Q0vqzvRg8njz_c1r1mgfPA,2021,summer,rEo51yKPwzCBT6NbsV_rDg,2009,autumn,39.96183756,-75.11518581,Northern Liberties
9690,1,U9mKqTnES1YsDJKr5ei2pg,2019,autumn,900NUl9h8j-O3B1ngRInow,2013,summer,39.91030918,-75.1783528,Packer Park
16985,1,q-vmjqbMl91gUihFSWbehQ,2020,autumn,52NiWDqzwjlPPlUC_hdD2g,2009,summer,39.9107811,-75.16898561,Graduate Hospital
7869,0,LdBLF8IHrJAzwNPJhdWVAQ,2018,autumn,71SLK_auUHo66Lh5aY72sQ,2012,summer,39.91121386,-75.22059075,Kingsessing
35111,1,c671ejewMFSXcp1K-9fomA,2019,summer,DyEWHr51LePoqjXe7omKeQ,2009,autumn,39.95390883,-75.2002681,University City
53688,1,8Nbo-HITDvo8xnCCqHr0cg,2011,summer,lcbPslluQUtttDN7Z-3nHQ,2017,autumn,39.95096232,-75.17373866,Rittenhouse
157791,0,mDktebO-1cjgXUdEQeSk7A,2012,spring,fTmJYGw28JZM3We0qJkaBw,2018,autumn,10.01739937,-75.0625762,Oxford Circle
51651,1,Jzki6xLPZhxjpRh0n6_Gfw,2011,summer,9EM_vTpULBTD_VhUASdedA,2021,summer,39.95607305,-75.16895607,Logan Square
19785,1,8i61tN0ODlxMr1iwiy0phw,2019,autumn,YReL2QZkiJ6IXQg1Kj-FDA,2011,summer,39.93002322,-75.11812515,Pennsport
91621,0,Sz3m7DAKQnJ3VmBrt-7R0g,2018,autumn,Tn0tQEa_83CL0Vu1dOlbGg,2012,spring,39.99313201,-75.13697278,Fairhill
87622,1,kmYknajQ2E25oXN9uDjO7g,2018,autumn,YHqYMquWwuvpa7bb5hZk2A,2011,summer,39.97757236,-75.12337127,Fishtown - Lower Kensington
10501,0,UWIvAPXdBbyaFbo3ZiYe-A,2013,summer,B33iI-WJf2pC3xgtTiLZBg,2018,autumn,39.91931287,-75.17009097,Lower Moyamensing
81905,0,ocSpMNrvxsiMLA93ocQojQ,2019,summer,-5yK6yqqfP1p_HCbLm1EXw,2012,spring,39.99966286,-75.16833311,Allegheny West
75063,1,KmTuC2CdOsHwUmHBpLnRCA,2012,spring,Ca6c82oXazD212lrqwuzTw,2021,summer,39.9677631,-75.13660293,Northern Liberties
170793,0,65pQXy0tB8f-eGLLSSU_vw,2019,autumn,C9sf9lu5A1izKS6yGs9I-A,2012,autumn,10.06961672,-71.98605132,Morrell Park
85070,0,i7cOBziU39PGFhCyyvbywg,2017,summer,YRiUPnJ_9Pin7ni3e8ewug,2012,spring,39.97551978,-75.13827761,"Kensington, Old"
52276,1,1tmnRu8qln7p1roU2XzovQ,2009,autumn,d8cx7CKyXRkXU_GZxuYhnA,2018,autumn,39.96183158,-75.19172269,Mantua
16385,1,9eQysNmFzy1AGEurOhQ5XQ,2009,summer,NnBGzBibRCWrN2KHo7Zlgg,2019,autumn,39.93397623,-75.16661215,Passyunk Square
76292,1,eoJBsdCzgKDBaZfa35bxyg,2018,autumn,C6siem3WGDcDM2QWqo_sPQ,2009,autumn,39.97701681,-75.17981137,Brewerytown
52818,1,iu0YV0-3-CGvibHFErM2-w,2009,autumn,Q1hvcyjD5GuHz32-rnDcfA,2017,summer,39.96337969,-75.19296191,Mantua
71210,1,iOjAEl-6A8nkTigxEiPGHQ,2018,autumn,RFCRrKpaWAV_oPZP3SdL8A,2009,autumn,39.96581699,-75.13217206,Northern Liberties
57691,1,nwqIyVYJUy0VvbZpB0_pAg,2017,summer,It6_sBO9TVVmHnOpQYKQTA,2009,autumn,39.96268105,-75.16955999,Logan Square
118818,0,nbwXrBuuW0q2wyHP5A9-Vg,2019,summer,5k0L0dVUhBaYljPUSkNmCg,2011,autumn,10.01701692,-75.11119527,Melrose Park Gardens
90572,0,PeLfOoTkbCPEL5FswHyNLQ,2019,autumn,pWpXm0RZhS-hqCGAkp7I1w,2012,spring,39.98976831,-75.12561588,"Kensington, West"
63707,0,VADArwl3KZMlVYBd9G1Nxw,2011,summer,gfeqtbn2YYBg07rSFjenoA,2018,autumn,39.95132917,-75.11270875,Old City
71522,1,MlnU_ULK-7kNRmzLK1emTw,2019,summer,chFMqaiZuTRqcJs8bNhtjQ,2012,summer,39.96179192,-75.11069028,Northern Liberties
112115,0,s8N5BYOPSQlTgqh1YV8R_Q,2011,autumn,EReQjSRQvVjjjrQZ1vrTCA,2019,summer,10.01019835,-75.11860556,Olney
51119,0,TioGzcOeP5Pn2JUjuxxDdw,2012,summer,uVxyaepL9Pqn8dmdNZpMgA,2017,summer,39.96011819,-75.19133676,Powelton
109579,0,BI0JXSsVwEcehIg6cWyk6w,2011,autumn,pM6JtjN0hU-nmh6257YWyA,2018,autumn,10.01086816,-75.15107219,Tioga
161169,0,gwwTPnkvp8oZXXaR-QpjxA,2012,summer,xkrTbgfTqK9y0xqfSsfaJg,2018,autumn,10.05566528,-75.0132251,Lexington Park
69259,1,_RmvrT86JIQhftJgwLvJEA,2019,summer,Nh1tCxnvVYwOvNiMnFMzVg,2009,autumn,39.9665325,-75.1116997,Northern Liberties
11119,1,j8gTjVpijnJlBSQaxUaBfQ,2020,autumn,NoTX9ZkZBrIKvgcis6sbtw,2011,summer,39.97239973,-75.19921672,East Parkside
72819,1,LSDXWuqQXk91ledWfGH8qw,2013,summer,dpnRu9RWwJ_Hfczf_pTHqA,2018,autumn,39.9695805,-75.12813735,Fishtown - Lower Kensington
61911,0,vlV-EBw0agKoOp15t8kHQw,2011,summer,eNgQ2pGqZgALLcWZz3cwMQ,2017,summer,39.96900751,-75.16011551,Francisville
17870,0,ncXS3k9SbGhDvWDzkqE5Gw,2011,summer,hlLu5XHcyXXwP86gqEeUWQ,2018,autumn,39.91981187,-75.17719982,Rittenhouse
71211,1,Bynev90ynENm2dekIsrCyw,2011,summer,v0uSK8DYs_l313bETE9naA,2021,summer,39.96290793,-75.11511196,Northern Liberties
6953,1,PrvbTrB0bJ5gML3d5E0s_g,2009,autumn,y7WHezgJZPrKkbNDfVqQYA,2018,autumn,39.93913538,-75.20097291,Grays Ferry
57111,1,cI3_Ow2S8sDyEaIeqzvFcQ,2019,summer,mt7hTY82PbxZQEDFFRvIqQ,2009,autumn,39.97362851,-75.18198169,Fairmount
22113,1,XvpJTi_8gQU27h_HLvGfCQ,2018,autumn,IpjgD3-JcBVlZJKF9JEY8Q,2011,summer,39.93290916,-75.15191975,Dickinson Narrows
19992,1,drY0HPB8JT6eQv3XzE9Whw,2017,summer,m7awC7OtOvaeyJKWdutHsw,2009,summer,39.91297213,-75.16311871,Hawthorne
18211,0,jRBeR759f6Ysj-MzF2OH3g,2011,summer,qvrVx1XYXT9jI1mq5dWl0w,2018,autumn,39.91617587,-75.15803123,Lower Moyamensing
57206,1,zlXEkLKyjJMu9cqHVNoBnw,2011,summer,zgMxINSuk-OkfEb76veT_A,2019,summer,39.97251201,-75.17860091,Fairmount
70620,1,FJGACDs83gVku9kyWkUHNw,2012,spring,iqL5jWWHTS8-UjfmuOTyIw,2018,autumn,39.97116611,-75.11209716,"Kensington, Old"
57970,1,p8oP1Haf-se6yTPnk8d_hA,2011,summer,gLrRRV05NnC7fzL311esTA,2017,autumn,39.96118511,-75.1763103,Spring Garden
35115,1,aNSKKF-po63-677daktLGw,2018,autumn,tmcDHfn3YxDVoYrAvFSUNg,2011,summer,39.95392998,-75.20021338,University City
17336,1,ty3jmaP9MLrSVGJhMbtAPA,2011,summer,EwYv-m1Oo0HqfeVJ6zhoWg,2019,autumn,39.91227329,-75.17339615,Graduate Hospital
1361,0,7N6clHCKvPvDBeRhPdk90g,2012,spring,lqso8yefjnfCxmGBlawUvg,2018,autumn,39.91811826,-75.23396101,Elmwood
35879,0,_dI1AdcvR5D3dS2M1QaHGQ,2018,autumn,utngFwN38Xxd-6ng1692cQ,2012,spring,39.97062921,-75.2330197,Carroll Park
172018,0,tDIw02YmzNWjTACUQTR66A,2011,summer,yScch_CrIsilLiZlGCav7A,2019,autumn,10.06856582,-75.00811751,Academy Gardens
50611,1,1Y23QWWjlj1t_sE59XkP6g,2009,summer,Iv67ueD9zQH3kd_L7Arzlg,2017,autumn,39.91225109,-75.16501651,Hawthorne
81730,1,162KSz3-AriSsIZfHfTZpw,2019,summer,iX5IN7kjCMJKGpjE38dHwQ,2009,autumn,39.98228556,-75.11669298,Hartranft
22205,1,EYbu9AgF9cXh9f6lwRkufA,2011,spring,ZZkj1hoW9skjQjY7gXyyTw,2019,autumn,39.9366119,-75.155899,Bella Vista
113916,0,6ygQGVAnh3CTMqABMW65QQ,2019,summer,j6QcnK7tpsRemA0XTmMdZQ,2012,spring,10.03006921,-75.05328873,Tacony
163687,0,MNzwhHXgYKKUra_N8Ukw8w,2012,spring,zrJ1o50F9Uf5ZcOxBGDOHA,2019,spring,10.05058065,-75.07873603,Oxford Circle
86186,1,f50xv-VRKkRMPf12_vDcxQ,2011,summer,y75skcgxoVk2qf0mNLtVBA,2019,summer,39.98097863,-75.13356689,"Kensington, West"
36331,0,dipLXOWE6Le2AsoKb5og8w,2009,autumn,g1NpD8a8lbmmzXrokKzQyw,2017,autumn,39.96396817,-75.22053938,Mill Creek
171389,0,a7UWRxSbckuxEbUt_R2wvQ,2012,autumn,TthlIHRKcmnWO6iwfh1tFg,2018,summer,10.10059638,-75.01265171,Somerton
59500,1,QZSUbbRbHaeRu9f-VGLaqg,2018,autumn,5_GlGCxpvFl2uNwiRtPCYg,2009,spring,39.96737626,-75.17619591,Fairmount
70810,1,_Y3DoV98DAT-Kl1KKmwRSQ,2018,autumn,LrbPThAbFK8EbEN77NuXZA,2009,autumn,39.97099165,-75.11126313,"Kensington, Old"
57625,0,EEaLgsojis6FHJlytjN6Iw,2012,summer,Y1TPKVtaxphZXgmJ1TzgZw,2017,autumn,39.96505518,-75.17123276,Spring Garden
56173,0,H0uQB_TDHerAluZ1PHIEwQ,2018,autumn,1BidjSQ68v6Kf3pB9YCX1Q,2012,summer,39.95662659,-75.15885997,Center City East
128269,0,gt_dbB5L3aqeK8hJ22zP-w,2012,spring,cagJNrp1lm2bLm6mAHNOCA,2019,summer,10.03629082,-75.13823251,Logan
35170,0,n2wjWJCN59Oymf8OxPR67g,2018,autumn,EN_u9D8MXF3HZbKuqRKq3A,2012,summer,39.96123519,-75.23111181,Haddington
61080,1,MtPRnCE_BvjML7zwdrDhXw,2009,autumn,igLllYfIHbvA0RvmsaruHw,2018,autumn,39.96709125,-75.16268531,Spring Garden
16355,1,FWc_a3zeQVqirShSiPqlEQ,2019,autumn,KrC7MvQCbfUfWZFXCeYF2Q,2009,summer,39.93110328,-75.16370005,Passyunk Square
21613,0,zFg9R_fNiUjsCVDsF3JCMA,2017,summer,hwL-VFbhf-CJCm3QUNnsRA,2011,summer,39.9366085,-75.11503958,Queen Village
58883,1,a2NBFk7R7OZ-GoeDOvdpiQ,2017,autumn,nY6cNaOccwPvNmXRGW1j1g,2011,summer,39.96060972,-75.16993921,Logan Square
61121,1,Vv2Il0_yXYMrBBk3HgyA8w,2011,summer,ZKDCbfV2o8yObjYWMlzSzw,2020,autumn,39.91673272,-75.11611909,Society Hill
89221,1,MKGolmsyY_ATwUcXwl5fNw,2009,autumn,J9v5xSiTS9N705wovL06Kg,2019,summer,39.98367088,-75.12881909,East Kensington
61012,1,X_BeW7-xPM9gzydU5jMSVA,2009,autumn,z9NtIXVaTHY02E-Q2xm7Lw,2019,summer,39.97001678,-75.15892816,West Poplar
39872,0,GWCeHcJDj21BZ6XSiIsmuQ,2020,autumn,ipX0f2cn6XAU6OxVdFJdvQ,2012,summer,39.9607819,-75.19701198,Powelton
91701,0,q_U79tP_-U3BGmXP6ixYPw,2012,spring,DlbvjAWVfbBqfJ-qooZTCQ,2018,autumn,39.99298835,-75.11505701,Hartranft
158333,0,_vPFAUOourfmLPGesWgEfw,2012,summer,3pXBMN70SaFZNPMejKjPfw,2018,autumn,10.05110558,-75.07637101,Oxford Circle
20579,1,reDJ_xE8nIGYS_VAAfQUWA,2018,autumn,mdXATU3ziLfVRO7PPvYRcw,2013,summer,39.92871103,-75.15528701,Dickinson Narrows
61666,0,8C2GMuNpqzvJsSxr_WootQ,2011,summer,ssRcOszCnHWo2VhbANeFbw,2018,autumn,39.97021811,-75.16217951,Francisville
23052,0,Tt2I3tC8ooaPmmgrZ2J6Hw,2011,summer,r2gls0uoaNOLg2uWiRJmGA,2019,autumn,39.91670878,-75.2168801,Cobbs Creek
72879,1,Yk9KvcOF2JLj9-D5L35_7w,2011,autumn,0O6yAPMP8auiJWd0FnW02Q,2017,summer,39.97222811,-75.12112308,Fishtown - Lower Kensington
11201,1,1L8pUItjFGXbdvDE_hK6gQ,2019,autumn,k6QIWEFy159HxaFeVVsChA,2009,summer,39.92852975,-75.17265919,Newbold
71166,1,Netbeb5cCwzeQ9W5TM-O0w,2009,autumn,BvAq5m3tlFsPm-EZAm1n5g,2017,autumn,39.96373183,-75.11280139,Northern Liberties
89020,1,XHcWi8AIRucmxeWStw5g-g,2018,autumn,pH0Dq2HAAWWxE5jLW7ww7g,2009,autumn,39.98631211,-75.12770151,East Kensington
72936,1,fZ-MTAYI-wIGZoBlSnDoqQ,2017,autumn,SATrLqbOFHftZLQx5PXttg,2011,summer,39.9711015,-75.12761103,Fishtown - Lower Kensington
19733,0,EfaDwnyv2zbozX-UjqzPpg,2018,autumn,HGFGszQ2EV53S_7fxDxC6Q,2011,autumn,39.91302188,-75.16020807,Washington Square West
61911,0,RACHQpJXMBB8JApSPLxNiA,2009,autumn,HhkvwlCwacSGw1SbHbmeRw,2019,summer,39.9716085,-75.17131688,Fairmount
31101,0,S1P7ZuZC9gLtjaVDM-uWqw,2012,summer,wjBu6ExsBygcDZOTUEN9wA,2018,autumn,39.95670672,-75.20131038,Spruce Hill
81752,1,fBNstbgzKfJuLwJSoJbfAg,2021,summer,Fg7665nU86FujrQWEM9Sug,2011,summer,39.98327188,-75.11819787,Hartranft
61189,1,zgsLtQIz70sRubZhPe2feg,2017,summer,DY5q36DXz2IWKYT-uFnuFg,2011,summer,39.9712709,-75.16569836,Francisville
92922,0,HhTODbxuKKWvIaVqOY8UiQ,2011,autumn,iHnVFP6pUP3F61RoTRDW8Q,2018,autumn,39.99139119,-75.12563171,Upper Kensington
116676,0,3y7qOKHg9IkB8RFCFsbhnQ,2018,autumn,O3wN6V0yuyXZIGYKFLEIpg,2012,summer,10.01769199,-75.06850521,Wissinoming
159016,0,KRRK5kI9rTs0aXanqc8uaQ,2019,summer,SdVxsX9qblXR5H0P8Ds-JA,2012,spring,10.01382863,-75.07561117,Oxford Circle
15187,1,s6b7fHRbsgdqKI-6CeOKXA,2011,summer,b2H95P7e5LPOXYMZqE6O2A,2019,autumn,39.93123565,-75.17208288,Point Breeze
33951,0,wKqbJ1hwBGaGqMNXCo7WOA,2018,autumn,BIFG1Sm7sLfZ6tP2xBFAiA,2011,summer,39.95579091,-75.20977152,Spruce Hill
39185,1,J-QkQtgAUDA-a36Gt3-dNg,2019,summer,YGyLXdEXBIMrd6AZaNldLA,2011,summer,39.96976371,-75.21301315,Mill Creek
86693,1,tm7KZHLetKu-hOLM1HIn_Q,2018,autumn,1evzyYKfBzk9T12PJbj_2g,2009,autumn,39.97780516,-75.13190223,Fishtown - Lower Kensington
61523,0,nrhsecpZ75h-KCdA2sOPwg,2009,spring,TXeZF5p7-og1MtM88Jez6A,2019,summer,39.97378781,-75.16391261,North Central
59827,1,ln-Dp6UfqLjzlsar66xlxQ,2011,summer,cqAhNjj6eFxJn-GvjHzWTQ,2019,summer,39.96891095,-75.16831182,Francisville
71070,1,ahuNmNs8l78Lf3n_C260zw,2011,summer,AQyyAfhXsuXMgcQHukgGOw,2019,summer,39.96261676,-75.11120661,Northern Liberties
52830,1,2_h2qHNNjVAu3UaNoBZsJA,2009,autumn,K23AOlXGqBf5bJeBjEp3hg,2017,summer,39.96519297,-75.19330008,Mantua
165112,0,JxUFjdjMVqjGhsHoKoP9yw,2012,summer,RfyVzDZtPI0PCbW-cPZPnQ,2018,summer,10.06156981,-75.08721073,Burholme
161098,0,rgBnlq6auiDBEyKcQBohtw,2012,summer,x9cCEuatqpACEbGT083o1Q,2019,autumn,10.06077517,-75.05258017,Rhawnhurst
85705,0,3_lOV27rdPSKkyNMMjSgBg,2011,summer,WWClp0_bAz6b2vpO-HOigA,2018,autumn,39.97711618,-75.13138555,"Kensington, West"
161287,0,QaJabJ3K60yExguComO32g,2012,summer,RmHGimo8SbJuz8i8pE8brA,2019,autumn,10.06261828,-75.01367129,Rhawnhurst
17272,1,M65clThZwDmU0pbUUkrD8Q,2018,autumn,0XwovJbEryr6nzYEZkQSwg,2009,summer,39.91180126,-75.17110282,Graduate Hospital
86926,1,U3T_qjiuo-jLOOiCjKuUDg,2018,autumn,wb8GroIkLY9Nic7qAM0a0Q,2011,summer,39.97852825,-75.13031899,Fishtown - Lower Kensington
61789,0,xltpEMskz6sojWSxv7WgzA,2009,autumn,jFm30NsFP5E7BLno3hE6hw,2017,autumn,39.97305888,-75.16890518,Francisville
171605,0,jFFBVWLznbOItLFLTRBEJw,2012,spring,u8-XYkhl6TrXtoDqERbPQA,2018,summer,10.05501573,-75.00298966,Torresdale
17176,1,HBeXCWRxKqZm6VlkY1U_5A,2018,autumn,fGCsPxPPs3hnxs0iYM2Oeg,2009,summer,39.93831687,-75.17186691,Point Breeze
165189,0,kgrruRuD_nYEb1DaZUUqSw,2019,summer,EROBl1KYO_6hotpB5qz6Iw,2012,summer,10.05230259,-75.09769069,Lawndale
30119,1,eer7TZAiJWrDsC-gHEErew,2009,autumn,w3GoR623crUWXboa6XyVAQ,2019,summer,39.9160702,-75.20930915,Spruce Hill
162980,0,jm11qgoEwBNvCvzWahN5tg,2012,spring,RtWJlr2_uIDNRx631Szl2Q,2018,autumn,10.03110753,-75.03330969,Holmesburg
15682,1,mRpUatzcumMfxeoijLhzcA,2009,summer,Pcm80OFnuLvD_i91c6jMoA,2019,autumn,39.93692151,-75.17157928,Point Breeze
20150,1,1bXjpmEFnD1kh8RBqufzYg,2019,autumn,6YhFoP3MOn70e-0gwgB2aQ,2011,spring,39.93586798,-75.15372171,Bella Vista
19082,1,zVD1q7qaWFwhhAD7iOBOhg,2021,autumn,VOxCGVKY563yKi6fkrwGrA,2013,summer,39.91591808,-75.1836997,Fitler Square
62208,1,wy7b1T17Bg0v7-SUdqcO1Q,2018,autumn,wvzX_L5mPd96GB-zQkmStA,2012,summer,39.97176216,-75.16158699,North Central
20755,0,QdABRmFOq83dvrdOXx2eag,2011,summer,b8FSxu6ObPUJxruHP0IzbQ,2017,autumn,39.93723731,-75.15179076,Queen Village
22719,0,Zb2MgOS2xUNbJDLhirKzqA,2019,autumn,UUdCEvQMrXdMb6ucebyg3A,2012,autumn,39.91138771,-75.21127021,Cobbs Creek
10127,0,uTQbvCCql8bhhXEccCQ8Qg,2011,summer,W9eVMLfSMw3ykSQ2Owo6xA,2019,autumn,39.92078719,-75.17055328,Girard Estates
66198,1,rOFNqAanJAENgROBLe1bTw,2019,summer,SiUC9kTaNZ-1ttGuaDekKg,2011,summer,39.96181382,-75.15620911,West Poplar
32529,0,hZSgVv7ifafTW_vHYMpLoA,2012,summer,JLXAZQakfzdHhXemnGA8_w,2018,autumn,39.95171908,-75.22159882,Cedar Park
58111,0,wPcIh-etNnauqGVxZ93mXw,2012,spring,A2O9Pyl-o-UxoQhASUHuhg,2018,autumn,39.97312193,-75.18535865,Fairmount
68253,0,6k1usHfv_0II1QFlamjWbA,2011,summer,vhvMxD0pnO0szzWZFOifwA,2021,summer,39.91336231,-75.11727329,Society Hill
53687,1,v8VHN8imc2IdwRmk17RDxA,2011,summer,umoCU-O15UCLc8nmMXY19g,2017,summer,39.95131855,-75.1736551,Rittenhouse
20931,1,_OOcvXEZf0ylqVwHIYH7tg,2013,summer,qj6JXPS52KZx3xxBmIkFvA,2019,autumn,39.93787001,-75.15365722,Bella Vista
27253,0,7Lxzkwu3SXpcGVO8y_ZQsg,2012,spring,c9DSnJJqKngv2z2CalLb-Q,2018,autumn,39.97306171,-75.25113513,Overbrook
6329,0,J12hyKulz_p3YwegiOVkLA,2018,autumn,13FFy_Tg0ojW7kanBWbucA,2011,summer,39.91010163,-75.18201668,Packer Park
89579,1,TvO8Pk5fk9530WpTk0pTeA,2011,summer,xDzLqVxGtHWOHurx8qJiRg,2019,autumn,39.98138019,-75.13022953,East Kensington
73163,1,uoz2ISSGYVPVbDXuO2lwZw,2011,summer,FZCHhgeUvCcWABNCDL-9MA,2017,summer,39.97171338,-75.13127381,Fishtown - Lower Kensington
16019,0,dG7kbPSyRXkYAZdIyHl1ww,2019,autumn,GfRJhV-SdB61lXLPnzDyaQ,2009,summer,39.93118789,-75.16117809,Passyunk Square
85159,1,fJ-e6nLn9FD_VRMYJHsSjQ,2011,summer,pNXwo8tb9_gAYNz1F9c2wA,2019,summer,39.98007171,-75.11092687,"Kensington, West"
178081,0,DT2iLEtqv7cYWZIsEtCCvQ,2012,spring,_uSBiSLtU8em6P28nyyR6g,2018,autumn,10.05711181,-75.03361529,Winchester Park
61237,1,xhDyPp3GGXG1ltme8rJ30Q,2011,summer,2MME7B62g6Yt2q7ZqsJr_Q,2019,summer,39.96706905,-75.16162573,Spring Garden
21219,1,vqp7YnW5YMsl-3zw5D97Jw,2009,summer,CYgwZAKo8cPkd72hcxv3tA,2018,autumn,39.93320275,-75.11713122,Pennsport
38031,1,dfe3p0kwkgOznrhotxiWdg,2011,summer,LNp2v1VMflLZYqIEHu5uKg,2017,autumn,39.95890738,-75.20517336,West Powelton
36123,0,Z2rVFhXH8gw5ijK7CKDvvQ,2017,autumn,Dam351zCmlFCaBMcumQBPQ,2012,autumn,39.96205231,-75.22211687,Dunlap
52720,1,7ZW_Spfqs6MELPu1FTQkMw,2011,summer,eMSswyLlQ3kTUA0ZVKZI6w,2018,autumn,39.96991707,-75.17616169,Fairmount
55751,0,Ih1oN5KikGZjMKxWjubUcA,2017,autumn,_58XPsLs5HVlo7fqbl_jcg,2009,autumn,39.95670577,-75.17376921,Logan Square
20571,0,_02hwyUcVJOySQnHAo_8LQ,2017,summer,7VJlzUczTrhkHNOiuJMwwA,2009,summer,39.92833926,-75.15537599,Dickinson Narrows
61507,1,P8V82qzOyja2UqMxFU2Oeg,2019,summer,FEGCabs39KXMXcwCGGhXYA,2012,summer,39.97322218,-75.16103306,North Central
99915,1,GjEMROr_0tMjUpUivLVkdQ,2012,summer,sVRmBbpjdMmJcDOk77spfA,2019,summer,10.02668215,-75.2231717,Manayunk
86680,1,QtelA2Zq-PZUDVEHY61ncg,2011,summer,_a6QQPaxyRktH7aFNeItKg,2018,autumn,39.97651572,-75.13261036,Fishtown - Lower Kensington
12566,0,0_Vc1Ycm2fq21YgNiOiYGw,2011,summer,8xCf3FNrPXtrxDtS9YsgRA,2018,autumn,39.92735978,-75.18307155,West Passyunk
73293,1,1ywDDT8xCzD1BMZYG5dCyQ,2011,summer,9LDKHTyWR22zSZeyM-x0Mw,2018,autumn,39.97538918,-75.18196763,Brewerytown
19009,1,2NnokZzTJ3_fMkUS6e9OjQ,2019,autumn,pKu2YhcUuPAL3WS9zyzBow,2013,summer,39.92618693,-75.15111127,Pennsport
58131,1,tle_UgrcXjhmmY97VlbKqQ,2019,summer,mZCFxLg5bjPP-fhoFLq8AA,2012,summer,39.96317021,-75.17296175,Logan Square
11363,0,Ue7r7vIImbo6l6wQ7wJuDQ,2018,autumn,nUvDTWAu0CXkeVT2fzODTg,2009,summer,39.93012176,-75.17562161,Point Breeze
17689,1,roR5voPHaOAfFYKd6hziIQ,2018,autumn,eh_6OY0Tj_OIXg9yZLyCxQ,2009,summer,39.91233125,-75.16797061,Graduate Hospital
19903,1,X6mMYmkTGL2_wSsj_zOVmA,2012,summer,u-xNIKF3KQVYCcdbQaDxRg,2020,autumn,39.91371557,-75.16326817,Washington Square West
90310,1,aIxUOiU-MmsjfDjpr_zkfA,2012,spring,8h9r-UxuqoxM1Yqt7VBszA,2018,autumn,39.99661991,-75.1177322,Hartranft
9113,0,mumEh5uKIcixiTzNBnF7Yw,2018,autumn,l9_tJdBAQ6YxLmFiShhDtw,2011,summer,39.91585315,-75.16630167,Stadium District
50518,0,8CUS2TkV3AV7gucQlriQGw,2020,autumn,smotUicsFLtyfaQV_6NHIQ,2011,spring,39.91299525,-75.16738119,Graduate Hospital
125385,0,Z17xRfsUAziDAYDBzLk65g,2018,autumn,myl6iz2TbiZYZN988vNmpw,2011,autumn,10.01292297,-75.16170381,"Germantown, East"
59598,0,KliKXBOVXXpDyV2bU0F_0A,2017,summer,CgqK5N8CoLxRHEY20Ee1cw,2009,autumn,39.96936676,-75.17390102,Fairmount
13705,1,1MMTomjtoE8ql0A8-ADG7g,2018,autumn,3SZUA-7a_mbk2KMJXD2Xcw,2009,summer,39.93738597,-75.18377718,Point Breeze
81038,1,VX--QysLyLRKmFuEXvy2Yw,2011,summer,vj_uQW7aZSAxonvI8bCnwQ,2021,summer,39.98690717,-75.15225188,Hartranft
160023,0,HiMPVJkjJT9-XIdtuYcKRQ,2012,spring,pLgsXZz_JLR9_lG2GiD6PA,2018,autumn,10.02597317,-75.03606623,Tacony
119132,0,9nAW2p1pXwPQJch8xqrB5Q,2012,spring,mmSX6bTl58RsIxuG_cxjwg,2018,autumn,10.02112701,-75.12097012,Feltonville
11158,0,MCUrznb85JcFmV9pw5UT8Q,2019,summer,5F5LQv3LQ8FbUNh_NRn1fg,2011,summer,39.96731237,-75.1988535,Mantua
176832,1,LhUvrs8tnA7CNhceh0TuRQ,2019,autumn,JCtbjF_7o3hxgteIjwCQ8A,2012,autumn,10.07375601,-71.98756777,Morrell Park
85125,1,l0U_RdBebRqExDFJB_sfdw,2019,summer,gIzfac28G-JDt9SXXy7rvQ,2009,autumn,39.98018308,-75.11551667,Hartranft
158957,0,Sbyvs_nupgdfVU87RpySRg,2012,spring,6l6k2mvYSF3ctTFIw26rgQ,2018,autumn,10.03975335,-75.06911362,Oxford Circle
50626,0,KfalfMxAap03-oIJ1Sz6gA,2013,summer,MxD9mzDOemxXyKa6bkHe-g,2018,autumn,39.91189805,-75.16655761,Graduate Hospital
8767,1,rXDh-QOSjh1Vi9nkISt2tw,2011,summer,3MkTh1CJ9qgN1UUshTAqjg,2018,autumn,39.91387195,-75.16078911,Stadium District
87123,0,3i1pZfu19PSserha2FpxVQ,2018,autumn,afueFKMCcDZD_kufOfSPQw,2009,autumn,39.98771571,-75.11599027,Hartranft
19391,1,q7Xz9aNRuwq9fhXHuT8T3w,2021,autumn,Qt5Sl_Y2bUAmR68PdVhIKw,2011,summer,39.9175069,-75.18032982,Fitler Square
16766,1,IxOPx2i-cLyvPimxvMam2A,2020,autumn,qkchp6arONnZI_QYZ8Mc3w,2011,spring,39.9101381,-75.16703166,Graduate Hospital
15367,0,x6ZUEfbnV70IFWjRmAXzZA,2009,summer,_EHGY-Gg6GGkrRq2BNepiA,2018,autumn,39.92811119,-75.16661893,East Passyunk
13850,0,DfkGCkisvXq9_Na51td6YA,2019,summer,Eu__yHHCaGWvHsq7wnMgMA,2012,spring,39.98581878,-75.23016971,Wynnefield
16727,1,ujmlCtNrzhSqCDR28FzGnw,2011,autumn,87E_zm6uJAnginzK5ltg9g,2019,autumn,39.91216215,-75.18318873,Graduate Hospital
51683,0,B2QU1XhBOzW-A3l_gn6zHg,2009,summer,yxqDOmbSQkrfcXepk6r-Og,2017,summer,39.91711661,-75.17163913,Rittenhouse
173690,0,IW1pQIiY8zAxhjrSjRbwwA,2012,spring,1HwMsEGsLYvJ7UMDPZcOag,2019,autumn,10.06118618,-75.00630625,Academy Gardens
8563,0,5_30_nIEXiP_HvRXiw-P-A,2011,summer,EVHD3Afe0O0yMpgvSavNnQ,2018,autumn,39.91391113,-75.16920936,Stadium District
30139,0,qFdJFvNwAO3FagJo72shdw,2018,autumn,WXfKLxk_cgZpE_yz59Ch3Q,2012,autumn,39.91561586,-75.21596617,Cedar Park
65215,0,Nu85oy0KuXQylvlERSMwsA,2011,summer,Ac5hmh5dy0wvPcRgmDQnQg,2019,autumn,39.91911116,-75.11511236,Old City
73896,1,FirpwOUHL2OUtpauCAxJcg,2018,autumn,zqPMPqx8KYShvcKLQNc6SQ,2011,summer,39.9768598,-75.18131663,Brewerytown
36726,0,m9wZPoO98_PiCn-_8-mSZQ,2012,spring,fNMiAmBwZHlXoCz51zOg7A,2018,autumn,39.96506528,-75.2238872,Mill Creek
68891,1,pmkKp60Dsp9S7HfNpCQSnw,2017,autumn,6uWv32NoeJdShmmk5bSjoA,2009,autumn,39.96606511,-75.11603027,Northern Liberties
86121,1,hIdijdj8HDWNzaS7-wYlSw,2011,summer,mFqD-5GWpM3xYmXiOazD3g,2018,autumn,39.97102567,-75.13252612,Fishtown - Lower Kensington
69317,1,IrNmcgt-tYJe8M8_sBb0cw,2013,summer,UJexOGkiNAyJlSJljqj6vw,2021,summer,39.96571279,-75.11038311,Northern Liberties
57563,0,RwUTevpnHLrmjYX8mVCBow,2009,autumn,vTkFYlrCbxUqA9K7mgDE7w,2019,summer,39.96521657,-75.17258322,Spring Garden
82705,1,FyCuhNdBf0iPolqAdVpbTA,2009,autumn,8XMZ2vK5YcFyF69En_T3UA,2018,autumn,39.97739118,-75.15220583,Yorktown
73270,1,b1mJedhCbYivkGNjrZ--pQ,2012,summer,U29fC0TfNE8l3FUrxyFHYQ,2021,autumn,39.97579101,-75.18218063,Brewerytown
27957,1,INvGQaZhhmRQTsIFrL8BkA,2012,autumn,9pFQFzyx6J8itVK1Eyg_dQ,2018,autumn,39.95013292,-75.22691285,Cedar Park
82832,0,JZyYWkVbe3Nhe66FnxdjNw,2009,autumn,R1DmF3K-at6RfzIjCReZxQ,2017,autumn,39.97596133,-75.11791889,Ludlow
158131,0,t8QGeoN8WEPB-A-Lg8lvVg,2012,summer,KUdnd_mlE0oXIQVa1b6Uog,2017,summer,10.05188617,-75.07010955,Rhawnhurst
22690,0,o8I9ED2h9m6m2YEGzBAksw,2021,summer,6uX2l1d8WjQ-BuexFfS9uQ,2011,summer,39.91100591,-75.2381825,Kingsessing
39289,1,EQiPYqjtWxvMytckMn8H-Q,2019,summer,VBq-HANPHmzD_WLeOzdDhA,2009,autumn,39.96911717,-75.20697811,Belmont
76179,1,tyBGWxFnHXISAzDlOfOuJg,2021,summer,M_DJkAyoczV-Lv-6k1bnhw,2012,summer,39.97183622,-75.17783797,Brewerytown
150511,0,ekJrI0RmoOyqYuMmxTYRRg,2009,summer,X58IrDdf2pGccx9ILhgwuQ,2018,autumn,10.03239891,-75.08711713,Summerdale
16123,0,IqGl00aWvdWdl6l5LVDfFQ,2009,summer,FqQURz1-w8ad0GhPNY9HZQ,2018,autumn,39.93539673,-75.17067957,Point Breeze
19510,1,cvYfO0nGmeIusjw5UxdV2g,2009,summer,t7JFmU0IgTzzRDDvk9umxg,2018,autumn,39.92675186,-75.11787721,Pennsport
68768,1,KfbdOS_oRWjHhyTnGUprww,2020,autumn,blRCrccDLAFlywdTKAnovQ,2009,summer,39.91683175,-75.11278981,Old City
180055,0,Vlzbk7cFLdHToU0neg3R2g,2018,autumn,xCX-IfMUyG116fW3v38jNQ,2012,spring,10.0519711,-75.02518219,Winchester Park
18307,0,Ad8grE7QgPEyd6-2T9ToNw,2011,summer,wJIlW2dWIfv5GGBfQJhrmw,2017,summer,39.91672916,-75.11999181,Whitman
19636,1,UbAYl3bLGpF0PysVodlsoQ,2018,autumn,K8BSBpRRHLrBBRKJvDMn8g,2011,summer,39.92511878,-75.11829261,Pennsport
137738,0,GkQlWOeWFeRRhyvsg6ffcQ,2011,autumn,lwOplAHIFNgIsOedwUznyw,2018,autumn,10.01712379,-75.11731075,Melrose Park Gardens
17719,1,3BrAc_IPmKDcaslNI1PL6Q,2011,summer,IHbczvkfOLlWnUK0RRqBMQ,2018,autumn,39.91099167,-75.17128215,Graduate Hospital
82315,0,mhlVzRAyweEaJ_JgxodjBQ,2019,summer,gyhIsw6SvHRFNpIsYxGAqQ,2012,spring,39.99291238,-75.15911361,Stanton
17351,1,dzHSwvGYTCfY0-Us-nETJg,2009,summer,zqmusqJKreM8nKVOZCxZeQ,2017,summer,39.91038751,-75.1627231,Hawthorne
51006,0,DRFsjeUlmBHgIgTxwJ5gNw,2020,autumn,hqKflnLtRgIdF_NWZ1Bq5Q,2012,summer,39.91711587,-75.16801077,Rittenhouse
167666,0,0ct9T-sUCQXIiugI0ZgmRw,2012,summer,UL0Qux1qyOw5RFLzVUDNXg,2018,summer,10.08771068,-75.05116212,Bustleton
160139,0,r238AimmAn-AcEev_MR3mA,2019,summer,fiEbZqGz5j8ULqrNp36nkg,2012,spring,10.03283521,-75.03579963,Holmesburg
163391,1,6S7mcainFdves_mvEaIstA,2012,summer,vsAqRW0fm_0dnGYS6Pvv3A,2018,autumn,10.05092981,-75.09513328,Lawndale
72931,1,ln7ColrEyhKzwWDQh3vwoA,2019,summer,WgDxellPvqVOiIZ_opzT0w,2009,autumn,39.97115391,-75.12717666,Fishtown - Lower Kensington
73301,1,xbwoz_J5vJF3bD-DvIMayg,2021,autumn,ExjoV5fMPan-cKScx9ypJA,2009,autumn,39.97615033,-75.18180721,Brewerytown
17908,0,92E0icf1L9lfaptuRJ6t6Q,2018,autumn,0wYxcq-WGEfgbiRUBhjY2g,2009,summer,39.91937211,-75.15101503,Whitman
8272,0,N0uEvRRM1RxTGrfoI_jnRw,2018,autumn,bxnymvc0XubEE8IYCe2qPQ,2009,spring,39.91176177,-75.21113859,Southwest Schuylkill
59352,0,ei5EgDcOO3z6dhriCSp-Sg,2012,autumn,D-jYXJpFy5tuFeM1g0xIzQ,2018,autumn,39.96025212,-75.16685831,Logan Square
12911,1,s9gCjpGgLrKtTDqPtZVgxA,2019,autumn,c_BrcQXue6G78NSC96re0Q,2011,summer,39.92726212,-75.17889096,West Passyunk
12866,0,QJtoHnbdh_HFf3FP3vBZlg,2017,summer,OTPTqyvz3jFIPqmb7C9nDg,2012,summer,39.93531131,-75.192182,Grays Ferry
50199,0,L8m-ghO2pNhi30My8bscqg,2011,summer,5gHQ0qIGnHrKAHrpfr92Yw,2018,autumn,39.91556096,-75.16211529,Washington Square West
23277,0,rzCsfFkEKvwMRHoO_vmC7w,2018,autumn,uSjnL5s3g22rBcrJCsacPw,2009,autumn,39.91813828,-75.21970321,Cobbs Creek
117597,0,DNGeLd0G0PigEDykOnFDPg,2018,autumn,MVCP5_yqeyrVGF_607AEVA,2011,autumn,10.0169996,-75.07188603,Frankford
122593,0,FaZoNN3sia-_qUI1Gqy-Dg,2011,autumn,_wcrvfPNneIBWX7BStE88w,2019,summer,10.05125576,-75.15701351,Ogontz
178129,0,_IYXRWWBbzeJPuq0wAD9MA,2019,autumn,uoOdYHkmsS0WlCY5QpjqEw,2012,spring,10.05702962,-75.02532208,Pennypack Woods
67658,1,_Gmprm6vZYXEOs6uMFV_NQ,2018,autumn,rEZHlRH5pTNQBQ5fX--Tyw,2011,summer,39.96567193,-75.15002029,East Poplar
29181,1,BsWulKIW5LPR9vykmuPk5Q,2012,summer,9kWazNTHY8Vh_Yiff-XgHg,2018,autumn,39.95106827,-75.23056182,Cobbs Creek
78110,1,a6JJQ0G-GKd_R_l5x_x5ww,2018,autumn,y7BzrEIKfOnPv9Hl9fCD9A,2009,autumn,39.97767156,-75.16061591,North Central
81131,0,v3l_5hmbC6S98Nv0ZaBKlg,2012,spring,30fQgtUqEDoiJ0LaplOdag,2018,autumn,39.99979715,-75.17530261,Allegheny West
28759,0,heo0GfEVuDTvb9S9GrqzqA,2011,summer,L_P6RLG7UsnDXhHfTViKIw,2018,autumn,39.95550619,-75.23313882,Cobbs Creek
81575,0,pR6t1jAGSt89uflUkijW7g,2019,summer,dCeDOAscnK5pWhdbmQrehg,2011,summer,39.99020992,-75.15313916,Hartranft
99198,0,kb0MHybJMPeHBhNJIHbu_A,2012,summer,QrlAnRQtXV99FT3B5tE3eA,2019,summer,10.02086668,-75.21165778,Roxborough
161615,0,2_7oIiSfYLW-dxoWSDh3CQ,2019,summer,X0HjlYpNl8i2S_iZdWrNkg,2012,spring,10.01263697,-75.08651317,Oxford Circle
10161,1,8NuiEa9ZGZwXOEoWDj-WbQ,2018,autumn,iAX8_atKbjSiScP30iWpUQ,2009,autumn,39.96390718,-75.19879883,Mantua
89171,1,h2rDbALakao_IlcMTMAdzw,2011,summer,xOO5AzZg5WawUBdVvkXssw,2021,summer,39.9879133,-75.13261681,"Kensington, West"
50817,1,FCKyNSI7RXCiF_wzD-6Prg,2012,summer,9zkPAeBx2JbwV1p95E2EQA,2018,autumn,39.91902103,-75.16117518,Washington Square West
73682,1,azrWBxIhx7hKFKp3uea5GQ,2009,autumn,QX6dO8OxH_6SwCkFA6zeKQ,2019,autumn,39.9689131,-75.13398011,Fishtown - Lower Kensington
8737,0,JOSAKOmoXnPIWwjKjPy7DA,2011,summer,ilATm_xymnlzgAd7k2_7Dg,2018,autumn,39.91352161,-75.16198377,Stadium District
5112,0,NgpSoX1QNr9ePdWNv9EqCw,2012,spring,YDHHS2q1bYZOTdkkP0hwyw,2018,autumn,39.93753621,-75.23057123,Kingsessing
57775,0,35h_zUnVpqu9OaqFfnclNA,2021,summer,6Sgq7D3jl8jVyOApAXuRuQ,2009,autumn,39.96358311,-75.17096385,Spring Garden
10070,1,sH9XBeG_nwCJu5gxwZZAhQ,2019,summer,NiAStOhvotBISysOKzStXQ,2009,autumn,39.96112781,-75.19676576,Mantua
61139,0,ViF9XfGsXmrS0JYq8kMn7g,2011,summer,He2GD3b72tEX5uOe1lehyg,2018,autumn,39.96625819,-75.16170661,Spring Garden
62311,1,9f1GlYhMsrnwT9HENfe3hA,2018,autumn,gUpL7cVlMY6p60Kz-czRww,2009,autumn,39.97210971,-75.1610136,North Central
109923,0,3v5e0r0vIxaDmWWcigksaA,2012,spring,3Q9Y2d6-c-b520LTkvz-Dw,2018,autumn,10.01092198,-75.15115086,Tioga
36561,1,e7uMWOtbQGSf2r-aUvVpAg,2018,autumn,1nuQqQaeB7doUqvZLEk2tw,2012,spring,39.96551879,-75.21889151,Mill Creek
68515,1,H2VRFf6X22NTTj5riLw0jQ,2018,autumn,XAJ7s9VtZTUZbdGgXKxPiQ,2011,summer,39.91256568,-75.11369901,Society Hill
61181,1,jYqefmpprZgZwECnfm0feA,2011,summer,uIAkie-zsLZ_nHxP7zMrmw,2018,autumn,39.96758289,-75.16525795,Francisville
80252,1,NKxA_0b5akooIn1JH3szSQ,2012,spring,p93yq9gqiDHTEBXC22jckA,2019,autumn,10.00557839,-75.18762856,Allegheny West
19187,1,GEigs5hgynxffG5pKzBepw,2017,autumn,6p3Lw63Q8iM9jJjbEKJNSA,2009,summer,39.91160728,-75.18039955,Graduate Hospital
73991,1,0cj5RzpUMirxDrn6A9Ho1A,2011,summer,EyFfGXXwU0yXyFMn52S2AA,2018,autumn,39.97259816,-75.13126565,Fishtown - Lower Kensington
7653,0,IWpVLbPcVLbSVnshSI1ohQ,2009,summer,Be8SRK5gCK0OCj9M5XU9bQ,2019,autumn,39.93231252,-75.19959218,Grays Ferry
39781,1,ONJPuVhy9HENVTs97Dy_0Q,2009,autumn,Povxyh3Q2AH5mSoWDmv5Bg,2018,autumn,39.96092175,-75.19810871,Powelton
8868,0,rmU9gczV158DESGPAKlj2A,2011,summer,jZSZ_j8BCKe_XOaOJM2rkw,2018,autumn,39.91561191,-75.16081218,Lower Moyamensing
53133,0,kioDqeaG-mvhbR0a-Ndw7Q,2009,spring,iTYbSZ9s9n0XNCasWUI--g,2019,summer,39.97052017,-75.181325,Fairmount
36515,1,yw8XGYzqsQjGDSDDWqBkwg,2009,autumn,63xzDJZfHKU0ytmWnmCX2w,2019,summer,39.96612001,-75.21812709,Mill Creek
81070,1,FrLGIBuZzJy65Ur0_i_oDw,2018,autumn,a7GWvoO-zBoWipCL7eI_Rw,2009,autumn,39.98733717,-75.15166128,Hartranft
171100,0,zUXrehJRPE-bAKPZq5x-3A,2011,summer,Lf-WKIKtH0yXjZ67Bbra0g,2019,summer,10.0993762,-75.01192621,Somerton
179206,0,sN3zb6IUUlMu1Fp6rOdEnA,2012,spring,oBeMkUasguXVODHpVmAYBA,2019,autumn,10.0120515,-75.0137592,Holmesburg
151570,1,7ZOykMKLAfxIPOavAp7fqg,2011,autumn,rA2J93akVJBo1phUM1hqzg,2019,summer,10.00972171,-75.07225711,Frankford
51965,1,5e6nmYxPMF-RB1dFCB9gtw,2020,autumn,eaElAYUuslmQdYs-Y-wFKQ,2011,summer,39.91502129,-75.17178756,Rittenhouse
136811,0,ALD-0aAzyFx9jCIJkQTYRQ,2011,autumn,L_mrolmqlMDnF9FT_JMHZA,2018,autumn,10.0522987,-75.13103751,East Oak Lane
127982,1,oeG9bJkzObnzh0KKphV9Jw,2019,summer,8wfBM90gXjszP8rLw_BAow,2012,spring,10.02531189,-75.12812769,Olney
31375,0,FKtuLLCrTNpXOYE8Om3qKA,2019,summer,gKPuDbt5qEszo1fvkn9T9w,2009,autumn,39.95200133,-75.20195958,University City
38122,1,20LojaX8Z9Fphdw1JMuC5Q,2018,autumn,NQXQVqEyiFo9VGeN_ZQJiQ,2011,summer,39.95989138,-75.2020571,West Powelton
17888,0,SKsEXWQYyaqb-ZgsuQaIxA,2018,autumn,u7GjlYeJm_M0vIqee-G92A,2011,summer,39.91730691,-75.15151021,Whitman
132720,0,IDrMsPhPhHVhPUBE8DlxeA,2019,summer,zIjSCaLzkmB9jkQOo8ufTQ,2011,autumn,10.0705127,-75.15318355,West Oak Lane
59830,1,2OdTH3nvkcOd90QslIZ9UA,2019,summer,Vygm3GgESOJEyigepZVm0A,2011,summer,39.96785212,-75.1706508,Francisville
75305,1,5oqaynNS-iCBRxSuDESkOQ,2018,autumn,CF2mRfvLtCQcvLWpjUKt6A,2009,autumn,39.98609691,-75.18709162,Strawberry Mansion
16662,1,PjqG9N6czx2QBx1NCsAVZw,2019,autumn,mnBdMd5yaWiECEMmt1nt7Q,2011,spring,39.91119112,-75.18602957,Graduate Hospital
30610,0,2RXNzF0NYx03715WGj56HA,2017,summer,UsLPXzqDbIE5mPn3CkLkpg,2011,summer,39.95111582,-75.20925163,Spruce Hill
160369,0,-7M6tjxfYfAkaZGRXo5mCQ,2018,autumn,XG3iMDiJavIAeFuJUf6o1w,2012,spring,10.0373055,-75.03136258,Holmesburg
63373,0,RfXBgmYrE8frpYil-c1J5Q,2012,summer,l21f-Mxu9OikGSzBZWA0Sw,2018,autumn,39.91255071,-75.11823819,Society Hill
21777,0,7S3HZ9xwXUlZ2gq5zI2hJg,2019,autumn,hqAyLYoplwwESIBQtJyNww,2012,summer,39.93662879,-75.11189715,Queen Village
16128,1,5Ny5g06qlGP0Bdj78X6kUA,2012,spring,1OGqUKDnWisVPhQQcYmTjQ,2018,autumn,39.93521515,-75.17230871,Point Breeze
88961,1,ZhVUDWemiOBP_cEcjBqHZw,2019,summer,yaBuTFed5JjcA1HNPxSmug,2009,autumn,39.98157287,-75.12160571,East Kensington
73525,1,Ayxj_DjSxPI-RUmVHKfS2w,2018,autumn,61P7VQVXgcCjX2O9iojMSA,2011,summer,39.96970317,-75.13205028,Fishtown - Lower Kensington
15318,0,xgSXS-y8F1PcTE5DhB9Hrw,2009,autumn,8SqSwZPkYxS6gTAfPBE98g,2021,summer,10.00137912,-75.2116955,Wynnefield Heights
15676,1,atytzutmXnVuiHhbgR3bWQ,2017,summer,h73oUnoMbuxkMDwMGxjYCw,2009,summer,39.93650061,-75.17526289,Point Breeze
75100,1,l0EEW2QjJLA9sxZOJmHtZA,2011,summer,XO7yG_KAR56fQJ9fGBGawQ,2018,autumn,39.9681507,-75.13515885,Fishtown - Lower Kensington
31812,0,9_AJjMzdg8FZpKsE_UDrNQ,2019,autumn,YLaaR0VE3VdbIbRmS3l0lw,2012,autumn,39.91759698,-75.20612731,University City
13816,0,7s6i0m3R70-xBpe0Zpa2-w,2019,summer,03uBXZKNHWZw7eOhrDkUZg,2012,spring,39.98506687,-75.22968756,Wynnefield
115191,0,YYORhMHCvGZ0vs3NtIcJGA,2012,spring,7imvRgYxbM5wMB2_Rtdr9g,2018,autumn,10.0361236,-75.06811821,Oxford Circle
71190,1,Y5MPAoZ6R6EFPFSPAggqYw,2013,summer,FGBXLD5J-ACP19ClYQRNvg,2018,autumn,39.96599187,-75.13282811,Northern Liberties
38117,1,SZwdqT_npZKptSS9LIWnaA,2019,summer,8LmpMOgDpyqCVKUboW_p0A,2009,autumn,39.96032881,-75.20293033,West Powelton
17305,1,yfh1w6FT88rhdt5CckzJdQ,2019,autumn,qTOaWHM5h3_NT0Ou7fAL1g,2009,summer,39.9383599,-75.161061,Hawthorne
139517,0,j-Wk-kDnCM-G1rH2dki0Iw,2019,summer,yLpvRighdQcwr5-VqvmL6g,2011,autumn,10.0389692,-75.10318391,Lawndale
19778,1,1kOWFETAy8-PULk_PCDfDQ,2019,autumn,dNosGAP61pwgIgpSWOZ1PQ,2011,summer,39.93095066,-75.1185375,Pennsport
19999,1,ELaXvY8nc-vix21zsv0gNQ,2018,autumn,x0soUNSDkckMZWdeRxpjNw,2012,spring,39.93281611,-75.15757927,Passyunk Square
126873,0,sj6HQpjUETioC3HQ0ZVPuQ,2011,autumn,VppaderAR6Mt9bqt-j7DOQ,2018,autumn,10.03276651,-75.1221058,Olney
17236,1,zuFxKDohT6utzMUq5jtvLw,2011,summer,WbI6FSSAX1U3R5WtGBkS_g,2020,autumn,39.9121978,-75.17751666,Graduate Hospital
38151,0,VzY3KhbX8ZORdGTDH-8X_w,2018,autumn,uN5gqwaRXxU0-GsF1_CPQg,2012,summer,39.96272091,-75.20132107,Haverford North
1501,0,Tp7s8OrQXg0QrnGO392YUg,2012,spring,qSnwZANSnay5lpbVxATBrw,2019,summer,39.91015191,-75.21895622,Clearview
180108,0,PhQIwJgKIDtQwX1g9aZQmA,2012,spring,QJOZfGhIZ16oiaKw6hAygQ,2018,autumn,10.05926298,-75.02821881,Pennypack
61851,1,N98p7yocR521hBCmk2QX0w,2019,summer,DQ1_lEHdcu0KxYq9lMxbRQ,2009,autumn,39.97297002,-75.17023611,Francisville
116506,0,0H8o_bkurw9wf5WAHpgy8Q,2019,summer,2AKDB99BOA5a5up17U2rRg,2012,spring,10.02081679,-75.01711685,Tacony
58062,1,7KrJwvAXhTnNFBn1ZTSyAQ,2018,autumn,3ErlEzicLfhJqlAIQGYJzQ,2011,summer,39.97261561,-75.18556792,East Park
71355,1,5BQnMI6VQfWqQFgLwBZrYg,2011,summer,jRLz9dzL_YASy0vatoO3fQ,2019,autumn,39.96307626,-75.13803591,Northern Liberties
20015,0,kBsTN0v36qb-ZIv7xQEyLA,2011,summer,ofF8FI-oiz26aBXJZMeDXA,2017,summer,39.93112718,-75.15630275,Passyunk Square
15611,0,XwhKtHefB9VxQCWYOdnqWQ,2018,autumn,_ldO3pibuO2AezllYA9TWw,2009,autumn,39.99920165,-75.22397285,Wynnefield
90637,1,XE6bUWgTI5LkGmZU_V89sQ,2009,autumn,6D9Lzq2W_woaR8v03QQHOQ,2021,autumn,39.98701605,-75.12372129,East Kensington
19759,1,ht5MRSJQjkfXf7s3RM9LtA,2019,spring,mIpGFMnRsltYCAtVb55o0g,2009,summer,39.93097317,-75.11958802,Pennsport
37125,1,rrpUGsut9JkUqvbgX8lh_w,2018,autumn,B16PGUGQkNHTWW0IU0MXNQ,2009,autumn,39.97511099,-75.22256778,Carroll Park
90529,1,yJxgVPbuuPgjek9nzZQcXQ,2009,autumn,7qi_BNfDARJETBb1BLsPRg,2019,summer,39.98633551,-75.12508,East Kensington
87837,1,Kaaq2FWqMr85po10PDc_Mg,2019,summer,qgSdidjvICY5DXEU6Qsa2g,2011,summer,39.97786895,-75.12532015,Fishtown - Lower Kensington
68719,1,dwsSMSiEby1xGy0AgCiYhQ,2011,summer,gWlMMuxvqwYIt-cgiDUHmQ,2018,autumn,39.91672116,-75.11331811,Society Hill
69222,1,B6aHPm2ZnxZQhQPFiH2ZQw,2018,autumn,WfE_SDD9YSu79tRduCxXxw,2009,autumn,39.96661011,-75.11211071,Northern Liberties
11501,0,AXV0RNrvL_n2CLhgukPtmQ,2018,autumn,9TcSM86YPCFJ5IeL6aQxYA,2012,spring,39.98673101,-75.23780133,Wynnefield
19265,1,r0fGDUaH2U06V2TXRzhfig,2021,autumn,IPSdh8UhRXcOxqdSf0QuKw,2012,summer,39.91625732,-75.17809127,Rittenhouse
81185,0,Vs9_8Gv3hQCqABnZGFlSsQ,2011,summer,O1Una-10gikodp8N05RoXQ,2018,autumn,39.98771932,-75.15509311,Hartranft
21112,0,A6QnQDtWqIE1WyZ-NxqUtQ,2011,spring,CXgG0GdDCX__VR6MNAVoKA,2019,autumn,39.93507197,-75.1132938,Riverfront
106831,1,xFvYhEvc6UJNlnlXBsPGKQ,2011,autumn,8phROvyxLUziuf2UoqL1Uw,2019,summer,39.99921193,-75.110102,Harrowgate
71760,1,wDafcx7vXU32BMJ7axsuzA,2019,summer,pwd8Vh-_6vvUiwOA0G8l8Q,2011,summer,39.96783881,-75.12989092,Fishtown - Lower Kensington
158160,0,W_YqrEXELiqleM3L_MJGtg,2018,autumn,K7m3fK33tmnKhaX5KH8rlg,2012,spring,10.05239638,-75.07503793,Oxford Circle
91196,0,DkTGxVAeNxHU6b5a06zJBQ,2012,spring,kTnlojOy6r0SNMNYSYBOqQ,2018,autumn,10.0031761,-75.1309513,Upper Kensington
55777,1,0uKICeo-FvNte5ebuiH6ag,2009,autumn,KqQWeiY8OirmWoneDS07EQ,2020,autumn,39.9572109,-75.17596235,Logan Square
12231,0,y3YPM_MNc0P_sT8ndsShZQ,2018,autumn,5DvwWuwKBIKY5UHVrGxKew,2009,autumn,39.98562383,-75.21121252,Wynnefield
87279,1,uP2G9fyb-ef_cHt5YXzcuQ,2011,summer,mt-lGBYXjWh2BJwKjeuQbA,2017,autumn,39.97925085,-75.12711065,Fishtown - Lower Kensington
18032,1,hH3UG0FhvDLgcvT-q_t6ww,2017,summer,v-knQVCiY7qKQHcAS9a9xg,2011,autumn,39.95091982,-75.17735617,Rittenhouse
61019,1,ug1npCxkmqdQdvfOMbfs7Q,2011,summer,Ncg6eftpQyMYQLBXUF7TIA,2018,autumn,39.97003575,-75.15898279,West Poplar
18963,1,m3hhSy6OlriCKRntfVfQeg,2011,summer,k5vnxmaf3puaIBTWUdFs9Q,2021,autumn,39.91717955,-75.18151675,Fitler Square
52861,1,UljNt9aI5PwyZIGs89SiKg,2011,summer,pIrwbfbd7ck2dp-UAv8SzA,2018,autumn,39.96517687,-75.19258601,Mantua
13201,0,ZxvAmlW3B5-sBZ37anRaDw,2017,summer,bqTb3_UcKwED_xyTmJN1bA,2012,summer,39.93117119,-75.18736186,Grays Ferry
52513,1,tbDVTwEY1MBk-zbbFA8oPg,2011,summer,1lsmJ-BTokgDYWZLIpxRjA,2019,summer,39.96619683,-75.18965816,Mantua
55785,0,w8NIexg9OAI-TLh-A9zSVA,2012,summer,bwizCz50hLsmLf8-Zt2bzA,2019,autumn,39.95630328,-75.17616023,Logan Square
170775,0,aBldZWH5vvoWStqokBybLQ,2012,autumn,xFrpBDmZQxDQqIxLMdGiIg,2018,summer,10.06881216,-71.98596837,Morrell Park
10575,0,YbLYN9QqvsE6YhWakukSHw,2009,autumn,Yok7BA5QzxMTNgU3jerscA,2019,summer,39.97805377,-75.26815515,Overbrook
32921,0,983a_Whhn9NYhGikbaAkeg,2012,spring,fwf-fgtyXWrlbO30pBHK6w,2019,summer,39.96513292,-75.23138577,Haddington
185052,0,VuHWtPFw0uAr8rU-8l5A5A,2019,summer,BahqyCxZUErRagdQ5DsA5Q,2012,autumn,10.10129031,-71.99531185,Normandy Village
153660,0,MZ3w9sDzlJoKRAJwTUd0LQ,2012,summer,R2_KWPM1ymDas5HzCFklFg,2018,summer,10.05711317,-75.0631991,Rhawnhurst
18916,1,PJHBCSqZt9jLjcvPkwPGpw,2011,summer,YsQCEWADiBp7p8pNOIZAKQ,2017,summer,39.92317819,-75.15321668,Greenwich
15173,0,wQRy1PB3-tyjoAnkgnhMbw,2019,autumn,KpJHmR2ZrEWSqa73xLH7rA,2011,summer,39.93169531,-75.1719891,Point Breeze
88108,1,VLVlZ9mignmGMrg6IobpCQ,2011,summer,AGPUf_x7-S5ZhO5WK--Cpw,2018,autumn,39.97563817,-75.12281963,Fishtown - Lower Kensington
71062,1,3noxdPNWpx-cszBjBmnWiA,2009,autumn,MCVdT-IHplVvbbd8pz9YXw,2017,summer,39.96271169,-75.11161309,Northern Liberties
18171,0,16Pu_XiEwp6JnXWLvctyZg,2013,summer,ehuUG2aCUslmwLXkvIpqBw,2019,autumn,39.91818619,-75.15857736,Lower Moyamensing
61822,1,jGhaStYOFZcI8dVbJKq5pQ,2021,summer,crpepwiQhHrMK0JAZCTyQQ,2009,spring,39.97259113,-75.16802176,Francisville
113923,0,DofsN_EwUuZu5nLrqbmtJA,2018,autumn,hvaBjCw9q9Q6ZTbwj13_lQ,2012,spring,10.02931355,-75.05265896,Tacony
151771,0,c0xmYULvcHE2Ks8tfcuaig,2012,summer,l6vnVjBJrlt3lG6cB2CoAA,2019,summer,10.06935732,-75.05615196,Rhawnhurst
87010,1,HydP0e2mhQTDXwnLHrSguA,2011,summer,mrU28j6_AUjiFYiQpos1bw,2017,summer,39.98009333,-75.12895231,Fishtown - Lower Kensington
23570,0,PJd71eeHvOdBuG6y-AIpsQ,2011,summer,TAB5X3_PLSXEXVdqaxHVuQ,2018,autumn,39.95115621,-75.21801319,Cobbs Creek
30319,1,MzieW3CBSyy_uPPH-n991g,2011,summer,yoJTRDkB75Ov1DibCvmJTg,2018,autumn,39.91606833,-75.20936266,Southwest Schuylkill
17696,1,21WPBQbYzQgUpIJEMifkTQ,2012,summer,OugN_GFyOiMpDq-pSvdSzQ,2020,autumn,39.91310583,-75.17220792,Graduate Hospital
177260,0,21aKaGfUyvdAfAA3AJeBYQ,2012,autumn,2cS3dFk3ir8C06bDoBmssg,2019,autumn,10.08573291,-71.97861789,Modena
11368,1,vn0mmoYBbFMlnm8YVxOuCg,2017,summer,aHwG0dnMYNU-5_-IVdu9sQ,2011,summer,39.92981213,-75.1767071,Point Breeze
171731,0,qHBmnFH2wTXJzvjoWFzgEg,2019,autumn,DVBOtfO6ZfyoX292gWk8zQ,2012,autumn,10.07628011,-71.98921893,Morrell Park
21669,0,lfx5qhYPX2YDLbkB8iVo1g,2017,autumn,jWY0Gv5VNjqht2j237DGMg,2009,autumn,39.93791683,-75.11638671,Queen Village
19996,1,bT-vYsABFybppaej_TmdrA,2009,summer,2w1c36dxXtckrPm6TkXbzg,2018,autumn,39.9310619,-75.15728276,Passyunk Square
95157,1,2s1-fHJpFHnmJfBu7SmB8Q,2011,summer,b07-KM_xMdFRpsHYuD7GXQ,2021,autumn,39.97557705,-75.11717166,Fishtown - Lower Kensington
111151,0,xqF2oxkFizVzYi3zDdzu-A,2012,spring,qJuieDM8AgofO6HY0GsZxA,2018,autumn,10.03311199,-75.07351681,Mayfair
30813,0,HWwKGy8UFB2uDp5MjSkHwg,2018,autumn,bfmQa0rRMJA_RxzvowindQ,2011,summer,39.9516163,-75.21086686,Spruce Hill
81909,0,T7C7sihLHTQJ31GyVmN_PA,2012,spring,IOYOmSoeH5dYkRNKzbU7xA,2018,autumn,39.99571977,-75.16292065,Glenwood
13393,0,l-uvpJe9P1lagdxkGLv8Aw,2009,summer,MckMHCS8NQlZ1VRjhx2HnA,2018,autumn,39.93183557,-75.18259871,Point Breeze
52063,1,7MUwDTEDp_xdk2BaS01FqA,2012,summer,Nx1WUaeIZXwfvuj-KVNxAw,2018,autumn,39.91702516,-75.17081335,Rittenhouse
61939,1,UCRrx3gHHfrcpbIeCYDrDQ,2009,autumn,J0tPXwvGZs06eAjJrl-Y7g,2019,summer,39.96917616,-75.16080197,Francisville
180019,0,U12qdjoM_--PG-Sj9R_W5w,2012,spring,3rZiRTH-2uw8NJ1YePBPdQ,2019,autumn,10.0517002,-75.0218286,Winchester Park
71635,1,sHZ-h_Pn7zJyipdT5QC7Lg,2019,summer,pQVfZiYWyyUN_LtbL3-PLA,2009,autumn,39.96312361,-75.11193183,Northern Liberties
19169,1,KrNaMw7o31NAOuSOlshGDQ,2012,summer,B_Yecb-WR9Sbi8nq8FmkPw,2017,autumn,39.91181171,-75.18026891,Fitler Square
52810,1,reXe9iHluasoY-ml8TiJsQ,2019,summer,EfrfveS_avBgiHoYvmMv7A,2009,autumn,39.96278,-75.19285333,Mantua
162202,0,APlHqkLECYxtFcDxtfFM8A,2018,autumn,dQhY0m7EztBxhcpLTGVr5g,2012,spring,10.03710333,-75.0218269,Holmesburg
21027,1,aAr8qxOT7TKJDtl5KXW7OA,2009,summer,H-ja9P7plybEAM283E0KQQ,2019,autumn,39.93616858,-75.15277513,Queen Village
67137,1,ZcqOshj9io2vphksXPsqfw,2011,summer,rEjse3cO9h3Tf-G7cErllA,2021,summer,39.96319587,-75.15392012,West Poplar
55779,0,qSys27-9I1PHfB8lhavBAw,2018,autumn,B_wEkQWWab6u9Tt2V_nglg,2009,autumn,39.95787391,-75.17576719,Logan Square
78016,1,IxdzrMkoB3CXAXDoXSsBaA,2009,spring,KaVMnEH2Dc9TvQhYIZ6feg,2017,summer,39.98232982,-75.16201265,North Central
20963,0,ylXMtzVjNupbjiPqiJ1ZSQ,2020,autumn,s6QDCm5LfeF8dNmF6gSHzw,2012,summer,39.9389921,-75.15163182,Bella Vista
58563,1,ptenxE_ZxsHqV7XUCJRZwA,2017,autumn,5tXxbAP3TdM7sunh2sVRuw,2012,summer,39.96088261,-75.16995162,Logan Square
69172,1,zGlAssqNXlg-SVKy_1Vr1Q,2012,summer,CCfJ0c8nr98asxABEoTJfQ,2019,summer,39.96181851,-75.11516117,Northern Liberties
11156,1,6x9bbctT2MKApjQdYW3P_A,2009,autumn,A9anRWALZ95QLRt9fbuCEA,2017,summer,39.96735869,-75.19811281,Mantua
19125,0,xizXvMQxgWtv--CrTq9mVA,2018,autumn,Xu6hBIjFhKfhUcmxiBe0-g,2011,summer,39.91830929,-75.18123363,Fitler Square
8770,0,dhH6DRR0DIDkyxW0qKKH1A,2019,autumn,bPuvLxhBOr8wOPl1fUrfIQ,2011,summer,39.91273867,-75.16009122,Stadium District
27065,0,Q2oYM75x0Y5SN95ifL5y0A,2012,spring,mfkFswTfeV7ybfbvyrSNoQ,2019,summer,39.91612192,-75.2316305,Kingsessing
123536,1,0vATMyj66dOwQ9DPNfWt6w,2017,summer,TMYonPYi1AnEwbL5L-vHSA,2012,spring,10.01150375,-75.16006771,"Germantown, East"
19037,1,teP87roqijdWNohpqFJh1A,2011,summer,atMnIXPkDQmjBv67wW_NTA,2021,autumn,39.91186105,-75.1810639,Graduate Hospital
57878,1,_GDgMzkoGqmyfvVZbWfWsg,2019,summer,thF36EStdUlKQGn57QJ-Zw,2011,summer,39.96387838,-75.16721867,Spring Garden
96372,0,NVPkj1vpynL_OeMEhmy5Fg,2011,autumn,e1nYy_dArD_QNihILw8Kyw,2018,autumn,39.98901871,-75.10398019,Richmond
59095,1,zVlhxRIKo8hqjQSYFbaEDA,2012,summer,gnsW6H1dU7jSrWy2HiMjfg,2018,autumn,39.96170968,-75.15788192,West Poplar
71563,1,wnHltw-DC3zEZM85Pn2XTw,2009,autumn,3BJJDERR8_zNccI6ZfPYeQ,2018,autumn,39.97197317,-75.13586161,"Kensington, Old"
12053,0,K3y5oxx5xnyyB8W5n-NiyA,2017,autumn,Hq7s7Jj9ThsqvJsq9MDvdQ,2012,spring,39.92291202,-75.16837501,Lower Moyamensing
27296,0,9Mt_l25aM7JlhlriuWSR9g,2012,spring,gX30axmx7lMitsFJBpgjLQ,2018,autumn,39.97333731,-75.25158981,Overbrook
38998,1,xoSm2luYaKVWth6lS3uiGQ,2019,summer,kpx6nRVdloEHFQduHmsyQA,2009,autumn,39.97110137,-75.20901061,East Parkside
130711,0,pWw_QZuIoV50xQS2qNtpeg,2018,autumn,xeBh8SV2aFUSEf76qz13Kw,2011,autumn,10.07110127,-75.16986503,Cedarbrook
81022,1,2S5XeOhtF9XwwtDLB-glfQ,2009,autumn,bo8sAMBITIVHK3hG7JLlDQ,2021,summer,39.98655109,-75.15232215,Hartranft
89301,1,UI1GXt6KYp8dQnf02sDrOA,2009,autumn,BT-1k211l58XU9p-yzSPaw,2019,summer,39.98217715,-75.12911521,East Kensington
113358,0,Gk8pT2NSqY3qnmO0ziC9-w,2018,autumn,qRaGS-rGd3HUxG1fUHfZrA,2012,spring,10.03318537,-75.06391179,Mayfair
21853,1,qaFc2_8itv-E6W2TdnUttg,2017,summer,5dfJKv9nYIuoSyu--ZAotA,2011,autumn,39.93502008,-75.15331379,Queen Village
16982,0,bi7ie39P_WEc9K8WJOo2YQ,2009,summer,LZv5_HktvcqCxImUKcvYiA,2019,autumn,39.91312378,-75.18266116,Graduate Hospital
72725,1,DTSueaF7wapYgJMYNHgoUQ,2013,summer,D1I2UlbxLesMLNNDHXM5QA,2019,summer,39.97110528,-75.12509052,Fishtown - Lower Kensington
8751,1,rso2Aab7XRsvYlqakrdLQg,2018,autumn,OSj1xQSxyKKp9NHU0XGlDQ,2013,summer,39.91395913,-75.161885,Stadium District
20217,1,V3CnG1ka8Q6OgWxhNgZhRQ,2013,summer,_1SZqN-xQXk15L6XDmrK5g,2019,autumn,39.93151189,-75.15057218,Pennsport
19173,1,dodnAOcOpoSYh6MaMfny6g,2011,summer,tUlfCCs_0NlwjFbt89OqhQ,2018,autumn,39.91177091,-75.18012751,Fitler Square
10015,1,YBG7AMqveF7WLgYZVLadoQ,2017,summer,6PNU--C-viFzu9ZZpxRdag,2012,spring,39.96611818,-75.20181213,Belmont
181533,0,AmjhpARdOTeFeNAAYs5A7Q,2012,autumn,HxwrsFIpIS7tntc_arDbvA,2019,summer,10.11790512,-75.01282679,Somerton
171583,0,iU8Ip6G3GfSiXIDlk_8ZRg,2012,autumn,ZEm5FOBPByCny3w_52Dd7g,2018,summer,10.0779218,-71.99605731,Morrell Park
32138,0,0-Bn-YutgrlXQ3_EgNa1Fg,2017,summer,6Sm98m6R1ZJkIKAqweR-Gw,2011,autumn,39.95113068,-75.22178011,Garden Court
19755,1,yxlyUTj6HjV0CZaWnqIQ9w,2013,summer,arydaZFkCuUFGcyclzVI2g,2019,autumn,39.93078375,-75.11996863,Pennsport
121107,0,zMCO3BYhw5OCAaCF5AkjbQ,2012,spring,b5pOVCdsfYqVnD8FnA0sTQ,2018,autumn,10.07522228,-75.17368101,Cedarbrook
30331,0,pI0AeeDkKDGcSSVheEyf5g,2011,summer,aiizo196Q0EcMHF3TIIJ-Q,2019,summer,39.91816896,-75.20783271,Woodland Terrace
17675,0,oEStxfjBWn92nezgNnqHDw,2017,summer,JG7vCnAjxmx9SUocHmeSGg,2009,summer,39.91229898,-75.16911871,Graduate Hospital
89613,0,LWUUn-XgCXPgoAXSxAOodw,2009,autumn,8nz-Z95dh1jfnoC3yko5lg,2018,autumn,39.98728911,-75.13323231,"Kensington, West"
86977,1,nAmpyTBpNR9gmwHAXCVKNQ,2009,autumn,JGckv105y8SFlLw9YgNoEA,2017,summer,39.97952669,-75.12939918,Fishtown - Lower Kensington
87595,1,bf8CAwFS193OeVWQfYHwiA,2011,summer,klOPB7LUpG8fqOIK-6q6GA,2018,autumn,39.97907937,-75.12162869,Fishtown - Lower Kensington
85329,1,G-maD-MgUaVKqJlGF02VQw,2017,summer,V8lPMYg37eOUMlgg5J5QDg,2012,spring,39.97105176,-75.1371906,"Kensington, Old"
82057,0,FrqBMAZv6fAsVgXsmbkLGg,2018,autumn,MHQE0HqCi7eEBjiWrPWT8g,2011,autumn,10.00105311,-75.17170376,Allegheny West
71260,1,8Ju8u3DgVwkAmxarwel8Tg,2021,summer,80Onz1oRqslH-zsFNPDZyQ,2011,summer,39.9613911,-75.11321123,Northern Liberties
179133,0,oF8QoD2PbFvNlkoorpDS-A,2019,autumn,C8FwtftDEr7BCiVEctI9oA,2012,spring,10.01121361,-75.03302112,Holmesburg
13159,0,LikDZE9ZNpFM_BypOlYQEQ,2019,autumn,TemE_eQrC_2S_kJoZ8a7UQ,2009,summer,39.93717615,-75.18807061,Grays Ferry
157910,1,sPtCZSlPN0f-RqnhxAwoKg,2019,summer,1PELy7sZV6Pia3tZnpxtlA,2012,spring,10.01781508,-75.07380521,Oxford Circle
22179,1,fDlnpDjHmNyQEsOB_tVUZg,2017,summer,wMnJcZ3zS5tshVCJX1IGpg,2009,summer,39.93187722,-75.15230912,Queen Village
88937,1,axwgN0thOnxTdDXmJ71WuA,2018,autumn,fyxvCYAwwrohDbn13aSKYg,2009,autumn,39.98177713,-75.12519728,East Kensington
26991,0,0CmLrQ1Cx_x5FwAjzwS2KA,2012,spring,LrsRUPu_UsSsQOaX0ULvqg,2018,autumn,39.9113301,-75.23502318,Kingsessing
8751,1,m-nxELmedzWfnfkVcxqgCA,2018,autumn,DwyAND2zSeACCZLtdFC3PA,2011,summer,39.91386881,-75.16190519,Stadium District
70897,1,pLTGEqTovoDk83wMKLs_JA,2018,autumn,mJzeseS9PmFPAxfuvpnawA,2012,autumn,39.96125011,-75.11612237,Northern Liberties
13276,1,qsvXZmWdQfzzC7Q1gQDnAA,2011,summer,ixn2d2WeAiPKYWKL-SF_Rw,2018,autumn,39.93581218,-75.18511311,Point Breeze
176139,0,2ZLy6_8gEqtN36jEqab1nA,2018,summer,D-p0KjF90XX5SaLaEipjXA,2012,autumn,10.07116173,-71.98682107,Morrell Park
135638,0,cNS2WL0Ka9A9DpiyYw60tw,2019,autumn,Ia1KOMTxIYKe-jTI8u2qsw,2012,summer,10.07511507,-75.1771511,Cedarbrook
71217,1,xsoGjKT9-Vj0mOBYIde2HQ,2012,summer,QD1mtiOtNAO60U06-ADMUw,2018,autumn,39.96191683,-75.11555381,Northern Liberties
85363,0,aPPo3XctL261bao9y12CYA,2009,autumn,XCrcA5yXbkuWCjiqJz0gTw,2017,autumn,39.97509732,-75.11122982,"Kensington, Old"
68628,0,cjDhcnL1Z0kyf1N1f8jA5Q,2011,summer,JYVM1DG_5SO0cdNA0BEbnQ,2020,autumn,39.91830039,-75.15589119,Washington Square West
16562,0,NS_BICRVCRQtTEJfPLcGqg,2020,autumn,IzWm8Mwu3NXPel_0fygpHA,2009,autumn,39.97755212,-75.21293111,West Park
79731,0,lLpCkhr1X3nQKeZlOiwJXQ,2012,spring,jUxdAk3IuqhkKiDtYvfZ7w,2019,summer,39.99581768,-75.18270302,Strawberry Mansion
36912,1,QpKxZZekhjEAxVsZ79qKnQ,2018,autumn,d9mHcMo2C9agZKRwR9sd7Q,2012,spring,39.96736653,-75.22255068,Mill Creek
10011,0,T0g_BOWupyduhC15lsKYVw,2011,summer,I2ZygJfF7lYBanYOJoL3pA,2018,autumn,39.9230256,-75.17388115,Newbold
171626,0,3bckeJFs6ED3U6vKczRYRw,2012,spring,sRzJeWZcCd63ZtisdF-lbw,2018,summer,10.0576393,-75.00209072,Academy Gardens
61619,1,OADkQ_JbxMX0P7ZSEUNJrA,2019,autumn,VeI5Ih0pobWnlw0FoAHQzg,2009,autumn,39.97033701,-75.16163709,Francisville
51106,0,cXys7fs1iWyD0xMBd2ZNRA,2017,summer,2oPFMRU90MlmIFLkWcQEOQ,2011,summer,39.95965121,-75.19521378,Powelton
37181,0,RyU20HsW76VYc_qq-MJH3w,2009,autumn,hO3J1uxszFZwXEemznG3gQ,2017,summer,39.97212158,-75.2213266,Carroll Park
11923,0,L6kdNqxnqD3ddSTbBrfODA,2012,summer,yQ0-fKIbgD5NqE8lhJPMig,2017,summer,39.93323019,-75.18967101,Grays Ferry
171733,0,SkdKceuUZkRq9m6kBCmLyA,2019,autumn,udrKVWexB8imlZkLIue9RA,2012,autumn,10.07621088,-71.98921076,Morrell Park
56373,0,sZonq7FG3GbXUbUrFv2esg,2019,autumn,dbux1cTdTRgVgsdzIt-Hjg,2009,autumn,39.9579607,-75.17659251,Logan Square
66781,1,dDqaJSU7laXqMCTcnNZjhA,2011,summer,cGXJCY1FbYIUZJb_R_Vnsw,2018,autumn,39.95685307,-75.13997935,Northern Liberties
171975,0,2Tb9IYh-P-lXJTnJiw613Q,2009,summer,jVuvzfDsglHj13cK6pW7FQ,2019,autumn,10.0827952,-71.99212911,Modena
110739,0,_HWUIuBaVxvLGnbUenGVIA,2011,autumn,kVIpUEenzUTHP8R6siBkqQ,2018,autumn,10.03271139,-75.10729171,Lawndale
87661,1,GV-ir6e3hLgIEWPUnlW1yg,2019,summer,ltRtQ_tj-ZK36SYe_wjIDg,2011,summer,39.98087282,-75.11972193,Fishtown - Lower Kensington
32858,1,xSiC06ImNOjtpaWRwpJIeQ,2012,spring,8PGZnIrfCbpC2aJDfC6y7A,2018,autumn,39.96301735,-75.23308869,Haddington
111697,0,7ZWLV8vCUmq9nPGCF0PaHg,2017,summer,wHfRJJbrCm-j2tzSPgdWyA,2012,spring,10.01311155,-75.13369303,Olney
113821,0,UaViPTMMS50HoMciwL8kmA,2012,spring,b_RSPKa-7VD05uXkOlL33Q,2017,summer,10.02916297,-75.05162303,Tacony
69531,1,Txf0CUpLmxSxHk-zECmheg,2012,spring,zpS6YUFoTx0WWm0DTuzrcQ,2019,summer,39.97305536,-75.11766361,Ludlow
176130,1,HPgKRUT5AKr1xL2lWQ5FvQ,2019,autumn,wSdmwZuKgIm8eW2lZ1fICg,2012,autumn,10.07393691,-71.98719193,Morrell Park
130859,0,mh_DRx0PquuYT7IqXcsLMQ,2018,autumn,OcUNEvU59aL291qt6bmMxA,2011,autumn,10.06955098,-75.17020161,West Oak Lane
175160,0,s_7C29Ls0h9JthAuhWKKHA,2012,autumn,EY38oWf9HLM9tbCRWMr1_w,2018,summer,10.07699563,-71.97128293,Millbrook
22581,0,3ACFyeLLavQp1zA_Hhu7Rw,2018,autumn,C_1lks39DOcpVs_iz1cjOQ,2012,spring,39.9127277,-75.2378565,Kingsessing
86111,0,9rZwRI6P1KXOHfQWrpDAnA,2011,summer,eT2TB3cGVJHeqAZAJ66c9A,2017,summer,39.98011868,-75.13527787,"Kensington, West"
21762,0,7krntDCAt31HXINJ-TM3Xw,2011,summer,GewdujYOrqwMfii0O9W1bA,2019,autumn,39.9398736,-75.11657887,Queen Village
85080,1,ZFMfU8BdE6WpAyUCsWITzg,2011,summer,cUmHXF5G_B2Jt3iZC9AB-Q,2019,summer,39.97152107,-75.13910105,"Kensington, Old"
181119,0,hzJyPNKJbDLHtuSuhxFHkQ,2012,autumn,Q1j8j8sVYUlKdHPSpWPBJQ,2019,summer,10.09606159,-71.97966662,Parkwood Manor
89338,1,_xM-q3RSQji6SP6WHmCbaQ,2021,autumn,3Iyf1CaMUCSItzhkAYUVjQ,2012,spring,39.9872515,-75.13167133,"Kensington, West"
19139,1,KRk8Fh69z0IxZvPnOzICVQ,2018,autumn,-2jTYOi1Ks1uBTB3Kxf2jg,2011,summer,39.92213913,-75.15089755,Pennsport
36957,1,MMYfXiac_PpPoxEsMtCzwA,2021,summer,o7ijrgT5abOFc2ZdyiGhZA,2011,summer,39.9710137,-75.22008683,West Parkside
85132,1,WgLOHLtXZXmjBPUU0UvZRQ,2009,autumn,k5g3MR2TTkaPT36x_BalSQ,2019,summer,39.97813198,-75.1137121,"Kensington, West"
18273,0,JicAfKdq9vD9OmSeTA8CVQ,2018,autumn,5HRBIAHu0CZqrdnUHZM_NA,2011,summer,39.91570198,-75.15185222,Whitman
60955,1,wAPLolnkchQOtEeNdye5FA,2011,summer,932_CAmeiq-fbaY8mpTlZg,2018,autumn,39.96907205,-75.16679561,Francisville
60212,1,rtz3hln1OTHhrt00DmKtmQ,2009,autumn,5QKORicntv3Dwq1HKWj9zQ,2019,autumn,39.96211197,-75.15802728,West Poplar
83992,1,Ng2FVrdrGlxLQsEuPhwEmQ,2018,autumn,SR-Y2vOvc2g7ZbyeaNx0hg,2009,autumn,39.98920782,-75.15127323,Hartranft
19799,1,VqMDGKJG3ZbMltGi9skkCQ,2013,summer,gWLjQTdjx2xD5D51TXynGg,2018,autumn,39.93130016,-75.11831092,Pennsport
13813,0,U8vXtSm5568V5RKjyw8BpA,2012,summer,XcEyhUm5iFSco_Y7kVA0qg,2019,autumn,39.93692582,-75.18039358,Point Breeze
21710,0,hLNbYlXKXUwJXrw0VLN5nw,2012,summer,R_FOKS31J6oPr9fzHNJisw,2017,autumn,39.93917622,-75.11601399,Queen Village
58686,0,krKoFPPKHXwQ8CHigzXO0A,2012,summer,FfQQ15SZkWw1zDgMQQRAEQ,2019,autumn,39.95858825,-75.17570239,Logan Square
167256,0,Q3kcOGIQYMAw_02Cke9M3w,2019,summer,OC3rctBFdzlPHEKyckL6wg,2012,summer,10.07168393,-75.05100812,Rhawnhurst
31551,1,Ck83zebW-0fwqSSWaAZ6eA,2018,autumn,8r-23nByHM-K3CcZPgdwwg,2009,autumn,39.95195116,-75.20639116,Spruce Hill
137672,0,AA6LVGRJT-e8p1FiivYWPw,2011,autumn,xLaOhGosCzJh2ppBF_Rz1g,2017,autumn,10.01901015,-75.11500131,Melrose Park Gardens
90171,0,hHgfRnaPqLWjBHoXto5PWg,2019,summer,j76M2thMnKSXb_yoYTdEsg,2009,autumn,39.99111091,-75.15275616,Hartranft
7193,1,EKHfo162ij5D1YfB0dtiuA,2019,autumn,oBsdn3lWzpXR3zrgmgoF5Q,2012,summer,39.93801227,-75.19883611,Grays Ferry
119681,1,hgqWUhYGcDp79q6tTREEMw,2012,spring,oq7BlSGxdE0YNBOXjXMv1g,2019,summer,10.01882915,-75.13695853,Hunting Park
11850,1,aa3mDG9yexwEwzNwkcimgA,2019,autumn,Rsw5k_wOyhnzgPB_jytijg,2011,summer,39.93216939,-75.1888018,Grays Ferry
62712,0,MKvmONo5deQ-g_mcjUH9OA,2009,summer,1Z8X89PDe0vU0_Np9gCrJA,2017,summer,39.91168573,-75.15681819,Bella Vista
39971,1,CPyjoKowQkTNwLZj9rBtWQ,2009,autumn,YiWmnBbYsD_Vfo2CsxXkPQ,2018,autumn,39.96355375,-75.20193113,Mantua
17695,0,gOtnWgXil0NiTRV-9tjGOA,2009,summer,N_JtpOiI0ysxWerl0KJmAA,2017,autumn,39.91308617,-75.17221353,Graduate Hospital
88992,1,BcVDExGLOjsr29TuA5NKZA,2011,summer,YT0csF3nTJMecF1hBBP_jA,2019,summer,39.98367502,-75.12361981,East Kensington
78281,1,LYcKEnlpgZAlm1tedWnQgg,2012,spring,0Xv8fQKWqUKZEGGlE8turw,2020,autumn,39.98282979,-75.16192775,North Central
86965,1,yj_9WsSFQvOAr0nlPr_xHA,2018,autumn,Nz6NvFiQLmzwnaiBn9bmUw,2011,summer,39.97996951,-75.13200895,East Kensington
87282,1,KbJxLNfd2hQBbNEnW9NapQ,2009,autumn,igMBwAHiDeLRLwB9vzVEkA,2017,summer,39.9792012,-75.12738027,Fishtown - Lower Kensington
10831,1,VrmfPSTIgdMLtgHggHAj_g,2019,summer,Tq_7tT-dWHpEP17GJVZ-mg,2009,autumn,39.97688283,-75.25212831,Overbrook
86011,1,yONyCGMBn6G_UVEaxtks6Q,2011,summer,uew1Q1_5ZJhIg9QFmGzBuw,2021,autumn,39.97712593,-75.13092651,Fishtown - Lower Kensington
17368,1,ttp7qPC0y_wdlxAmJqMcIQ,2011,summer,rxudcKlYZM18UaNn9cclVQ,2018,autumn,39.913969,-75.17522976,Graduate Hospital
59722,1,Dze0SHfgNHYPW0k_u1EW7w,2011,summer,mW3swaji_qs1FNIudFiFJA,2017,summer,39.96916383,-75.1701123,Francisville
21722,0,VEnnKDqKoIR0x5vvgDkexw,2009,autumn,iQATPS8lVtKFajY-rOzQLQ,2020,autumn,39.91011723,-75.11130356,Queen Village
95709,0,zsEpOe6FlqUMd1cC7yyaVw,2011,autumn,fmDDrx3rfG1FLCxnJjLt_A,2018,autumn,39.98898206,-75.10767809,Richmond
151116,0,Qj8nb9qSpTlLyR_cc2PhtQ,2012,summer,rnRFc7xWzRrvH_QzOijIEw,2018,autumn,10.00676728,-75.07600811,Frankford
75098,1,DmfQOWi73maUvyL72-j9Og,2011,summer,Qe8Z1TNov2pd8EETIGyqkw,2021,summer,39.96813263,-75.13513866,Fishtown - Lower Kensington
68933,1,oas39EBY0dPB2bNkjvbLFA,2012,summer,Z9cOhsxkmKfzVKR00VyN8A,2021,summer,39.96133729,-75.11529576,Northern Liberties
21105,0,hNKYxuk6ZYl705GOBRXSgg,2011,summer,gmsnwczL0gX3-3wGMV9a6g,2019,autumn,39.93110058,-75.11807272,Queen Village
21236,0,1J7CJmtWbNZJ6ySzTBlV_Q,2018,autumn,V10ScFcXaF6s3zQcvFaF2g,2009,summer,39.93283835,-75.1180859,Pennsport
87300,1,nWFs-DYxyQ-8KdIehnjJuw,2011,summer,9PoIZ0kEaxpCJBCqN1flRg,2018,autumn,39.9791731,-75.12617196,Fishtown - Lower Kensington
162801,0,LFx7knU_MMlH1dj5mqQ0IA,2012,summer,xHixlbEPgRYXrqUM27Bx1Q,2018,autumn,10.07253961,-75.05511196,Rhawnhurst
166198,0,AYBspleA2MTz8avDtByJgA,2012,autumn,Q59bjruY09oF0A-_0WTVNw,2019,summer,10.09806137,-75.03912121,Bustleton
52166,1,tPrerklC3z_1znlEwlvdTw,2009,autumn,DhXGwAVWwNRuZI29VNPzbA,2018,autumn,39.96521928,-75.19193213,Mantua
65199,1,pocmNXLkd_jUACep_PGRDg,2019,autumn,QfwM3BXjSIk6yTRsqkhQFQ,2012,summer,39.95187721,-75.11287808,Old City
19193,1,KD-JjLkDZDjRZdzxSdw9bw,2012,summer,DBY7aEPsJ3EjauqOZS-ycw,2019,summer,39.91153888,-75.18013081,Graduate Hospital
30920,0,g3RXQL0cDYiAaddXDms8Rg,2011,summer,a3qWpVI7GFo5zz385EQoRg,2017,summer,39.95109139,-75.21193593,Spruce Hill
19917,1,HIevs76evFOJ65k2tNnFsA,2018,autumn,DL8nWsNq9u2PKMzEUs6mRA,2013,summer,39.92861991,-75.11955213,Pennsport
111218,0,b0oyr8tbjgK-IjsRWJZGtA,2018,autumn,RK98dGBlUXFf5Mgvmtp5xw,2011,autumn,10.05536306,-75.11526708,West Oak Lane
85915,1,7pYFhk_qaAyPzGMzVVRXuQ,2009,autumn,6f5LwE7hDWZPKUcFcndbLQ,2017,autumn,39.9716221,-75.13285715,Fishtown - Lower Kensington
21098,0,2WHukxNi3jgx3LoEdrwDTQ,2018,autumn,tha7PqKU_h5Tpvc-7BbWhA,2013,summer,39.93515886,-75.11363327,Riverfront
172169,0,Bedt87N6c3tpsCKeVmPLlQ,2012,summer,z8w1ulj-2Ahh1c0baip_YA,2019,spring,10.07351799,-75.08597398,Fox Chase
32995,0,L1-haumKSnoftvqyUYXJAg,2012,spring,1eUjUgURbL-9LfyPwMjb3A,2019,summer,39.9621698,-75.22911196,Haddington
86031,1,bao5R7_fTdWEOjsA_w7fwg,2011,summer,QFn_Duc6cJZtFetUQfs1gQ,2018,autumn,39.97682013,-75.13181288,Fishtown - Lower Kensington
16071,0,AqmC_oXGCSU-TP7nRQ-TTw,2012,spring,LbcIXo3ITuWIdajKbQ_SWg,2020,autumn,39.99919159,-75.20992956,Wynnefield Heights
17267,1,11nniIondYo9trd10-fYyg,2019,autumn,hOqnym8eeNiz2phnakMiYw,2011,spring,39.91189189,-75.171812,Graduate Hospital
58571,1,HgUapXhvmBtzlMmAlFTYTw,2012,summer,o7dVxzdK6rQCSk2MczD1og,2018,autumn,39.96121399,-75.16988177,Logan Square
19896,1,5zFyJS-gnQZRgGdRnQur-Q,2017,autumn,F3R8BbMK-XvkbzRtgVOMfg,2012,summer,39.93151319,-75.11779612,Pennsport
30558,0,yD6-yANeZIe7m63el2KxXw,2011,summer,KurvuQ7gn6wBxhVaNt6y2g,2019,summer,39.95365301,-75.21315528,Spruce Hill
31326,1,zIHTCGbDAssA3AGhzsrIsg,2009,autumn,aeUaVNThPtSNV8PEnpMcsg,2017,autumn,39.9525197,-75.20132011,University City
61656,1,SuDwpGwOwPcAxu_0-AOs_A,2012,summer,RTxUhmn_zDg3r-h3P0Fveg,2017,summer,39.97019922,-75.16116787,Francisville
38999,1,KlPSPSaZYM8bWN3IcV5TIg,2011,summer,HQq83F_J0qh2Cd_YlA0vwg,2019,summer,39.97199155,-75.21012892,East Parkside
59819,1,Q2tCNEY6D2j6lu-X3HMCeg,2019,summer,Pux0ApWXlbokVddWjud3yA,2011,summer,39.96761821,-75.16928337,Francisville
177815,0,KPXq20USuYXPPY2nRxODYw,2012,spring,2javRTSDeNn7EbQRxtu3EQ,2017,summer,10.0196389,-75.00986382,Torresdale
20261,0,Z-BJC5QQNNCMsmXpbWiHog,2019,autumn,6XETT3V3X1yBmGUVYB-7tw,2011,summer,39.93170133,-75.15202216,Dickinson Narrows
87681,1,92HIpxM8VVx2LlOyFSUBvw,2009,autumn,QFJgntkFmpRBn_WZ9VNDLw,2017,autumn,39.97707765,-75.12037121,Fishtown - Lower Kensington
58601,1,tR3RzShaeA85_caVNthR1Q,2012,spring,bApgWHFse9ivR78x3XV0kQ,2020,autumn,39.96056212,-75.16985282,Logan Square
137651,0,_8L5IcTUCVKb61kwrpNm9w,2011,autumn,qj-11HbErhJsw3AqpcqkHA,2018,autumn,10.01782998,-75.11590113,Melrose Park Gardens
90601,1,THOZnYttkmmn8TMkUfip1A,2019,summer,ulPHl9ZkQeH5rdAvxTbdzQ,2011,autumn,39.98931361,-75.12612917,East Kensington
158201,0,A-xkWIgTaAF_5Ko6gzonsg,2019,spring,p_JtYQlPOh2zcN2ECYXPmg,2012,spring,10.05252373,-75.07023016,Oxford Circle
36111,0,HSRkaJV_V9fxq1XAhGWlew,2012,autumn,y7ZCTnC7AfAgXuK0zZ-ayA,2018,autumn,39.96289932,-75.22265123,Dunlap
87968,1,W9MuP5fD2c_5UR-GpZomkQ,2011,summer,dVahfOPtRinP7nKAMlFEyQ,2021,autumn,39.98325695,-75.13231281,East Kensington
158500,0,0ahEE3JLTca0cS0hVuJoRA,2012,spring,bgHexh_EqxQqn6O3-eNiXg,2018,autumn,10.01853669,-75.06161777,Oxford Circle
89221,1,lZD9ptS975XfE6IXlgMiPg,2009,autumn,tjyEv6aucnue_AIzwLM7NQ,2017,summer,39.98310975,-75.12851699,East Kensington
159089,0,sr3yQSGd_BCrxzZbqBDGXw,2018,autumn,mb2io2Xs-nluipiOkl3Snw,2012,spring,10.0128165,-75.07787651,Oxford Circle
86991,1,9VUGLNOfCwG7prhza0rlvg,2011,summer,3jyhLWECJrZCSfPQwzKlNQ,2018,autumn,39.97916116,-75.12815172,Fishtown - Lower Kensington
157059,0,dkWY0Apw6ay6nABi7EYVtA,2012,spring,6Mde73iIWzwMIjOnO1Dn7Q,2019,summer,10.01116938,-75.06800321,Oxford Circle
89787,0,mLRrDhVYR7w_UHRLsXA8wA,2009,autumn,IUrXRzf-kp7BFSAaFpHpfQ,2019,summer,39.99286313,-75.15013527,Hartranft
57713,1,bj1-kAH36ylYRuKcDv3NDQ,2012,summer,VqAbPFy-3X7311gHKkrTIQ,2017,summer,39.96225331,-75.17126178,Logan Square
176151,0,Pvr7Hc8NAnOl1Sn2sZ6c3Q,2019,autumn,50ebJwksGf70JU1Lr26Hsw,2012,autumn,10.07229361,-71.98672786,Morrell Park
70879,1,BK2X3QVj8oQBRutYzuUdqQ,2009,autumn,RZSu-PdTX_fufta_7MebaA,2017,autumn,39.97065632,-75.13718668,"Kensington, Old"
11995,0,5e-DabQJQh1muTDIFApnFQ,2018,autumn,G_Rvf7pjis2UsZCIBgI-_g,2012,spring,39.98170519,-75.21501956,Overbrook
127791,0,eLw6SrmyMzVheALmY5evXg,2012,spring,JdkPfZMewAlzPEFVNG_2zA,2019,summer,10.02501222,-75.11773658,Feltonville
61755,1,BAueb9A3RwQvO_hqQyMnDg,2017,summer,ZihT9UtyZQm9MYBp8QaEVw,2011,summer,39.972227,-75.16909711,Francisville
69216,1,NmOFwyBARW7HYBxSSVm0NA,2009,autumn,jpYk5r_uuyglpDSyGDSF2Q,2017,summer,39.96701166,-75.11209831,Northern Liberties
19391,0,sQW1jUA6C-eGjLbbnXldqg,2011,summer,aBj1BDKGvf7Nn693Kso7jw,2019,autumn,39.9200197,-75.15203211,Whitman
37886,1,eYY-dw9_PHOYa65_powO-A,2018,autumn,oEhdgLWb9VHe2jKcVzTiqA,2012,summer,39.96200116,-75.20170151,West Powelton
115228,0,F--HCqLLjIntWHuc2btbLw,2012,spring,9X-LyCKpTCfu1QmNXWPxwg,2017,autumn,10.0361275,-75.06179772,Mayfair
85706,1,wOBxqDSm_gIU3qbDSoNXTQ,2011,summer,F-7qQ0VJxb_NZ7atpsFD7A,2019,summer,39.97621019,-75.13159123,"Kensington, West"
56075,0,vCNOzWhttsJI2g_H97PSQg,2011,summer,pX9gvzs2LM698h8rWu2RKQ,2018,autumn,39.95582107,-75.16911127,Logan Square
179151,0,usmYuFV_gLL879SWwejGIA,2012,spring,28IuPCG-8c8OkTQRAtCj7Q,2018,summer,10.05271096,-75.02179026,Winchester Park
38021,1,XkBkjAR1u7cq9i36_2p0JQ,2011,summer,Go_tgkjZcBM3dhthCbOA8A,2019,summer,39.9585912,-75.20511813,West Powelton
91812,1,bxtjzwONnHWtX_6AOmyWRA,2019,autumn,duaQYaabwQR78_ULMc2PoQ,2009,autumn,39.97811601,-75.11792037,Fishtown - Lower Kensington
19213,1,kLlSmnSZ1gbPjGHtFCmImQ,2019,summer,LodPhQHpRgPBnDwtkFYFcA,2012,summer,39.91629215,-75.17839519,Rittenhouse
88825,1,KeYZV8u8t8HH1hNPANPe-g,2019,summer,YO9q1M7Ze-3sZDLEFwtAlA,2009,autumn,39.98116515,-75.12531138,East Kensington
59537,0,GqIhXNDksHGQfN_k3Wnozw,2009,autumn,m9ktrAY5XtHoV-GZiMhpkg,2018,autumn,39.96979111,-75.17512197,Fairmount
153991,0,ILqbHr5R7LNnWZTnV2QVfw,2012,summer,IWOWvZvtmxOOlJkIw2_ukA,2019,spring,10.060976,-75.06656939,Rhawnhurst
53191,1,ULuWrkQkSAkTTli0H7FB2g,2011,summer,DCkEFYVBNhwMwUgKmrCSLA,2019,summer,39.96396836,-75.18756596,Mantua
10389,1,1_R9aZ-uy_75jxw5zzrcSQ,2009,autumn,dBBoSh-HZ2JLrSijt1CLtQ,2020,autumn,39.96312681,-75.20568101,Haverford North
87255,1,TnXfNMe3c5hi3sp7czCHqQ,2018,autumn,PrXy2w_Sb3BkkspiZJZClA,2009,autumn,39.97890359,-75.12603206,Fishtown - Lower Kensington
87321,1,crDe3oFqnSfhsRX3cvo8lw,2019,summer,1Y8pnrEtIzaPvFA0N_E9xQ,2011,summer,39.9800501,-75.12388375,Fishtown - Lower Kensington
16115,0,UjOCWU-9RuMzMwhyhAt0Ww,2012,spring,jcJvsbSZqlKYiwPalrtIvQ,2017,autumn,39.989173,-75.22660318,Wynnefield
56710,0,rsmGf_IKYy5pddXbADnypw,2011,summer,mU-zQymnG31d8M0CeNeEKg,2019,autumn,39.9550199,-75.17660151,Logan Square
57696,1,DmmUg_fLiXlOo9JrDg2SUA,2012,summer,iaq1Ql1Uwk73tqZdIVuU0A,2018,autumn,39.96269139,-75.16955581,Logan Square
36777,1,AvUYAcZBO5oeeHM688gt6A,2012,spring,Q19771ixdQpBbwFqxYpR_w,2019,summer,39.96663703,-75.2191937,Mill Creek
171091,0,ckZZikKky-_hAbtDFGAz3g,2012,summer,cbBllsOZBNXYv2sGTlP8RA,2019,spring,10.07355188,-75.07911867,Fox Chase
125010,0,zqIsx5NPOrvQmKNF6hYFjQ,2011,autumn,koZ0nq1KJvFTUTcDX2sXbQ,2019,summer,10.0170861,-75.15120313,Ogontz
67553,1,ruzAHD6VkC1sFQVOHQPsrw,2011,summer,Fq6wGUeFxMzmqr-Zq3EjHA,2021,summer,39.96110619,-75.11773011,Northern Liberties
52156,1,5vefAQ0yKsVORyoQQ6aD8w,2011,summer,mjmZA-r3HNKo_bjaLVEzgA,2017,summer,39.9653295,-75.19036907,Mantua
70211,1,rqVFMPabF-iOwEr3WjFLnA,2011,summer,Jw-CEdy08gM-3A6fMXtO7Q,2019,summer,39.96162161,-75.11175139,Northern Liberties
87810,1,9bqHQrqVX3ztLYUJQTQFRQ,2019,summer,elVPilrfZr87LJiCd2hOAw,2009,autumn,39.98012057,-75.12930312,East Kensington
179721,0,nuJzVzy9ijCusaIumpBxTA,2012,spring,mZkBvJZOaFfGtpEeL6lraw,2019,autumn,10.05883586,-75.02916756,Pennypack
176196,0,LSRh9t8rAXDEDehfwHnZkQ,2012,autumn,NDrRCE9_blT6Ym5nNnIS0A,2019,autumn,10.07959011,-71.97925717,Modena
156975,0,VhPVEPfI07B5J9cIYHfVUA,2017,summer,_-hSIeHFRLbTkl2R3aovUg,2012,spring,10.01292721,-75.01507561,Mayfair
86811,1,mYJZoSHxxgGi6JA5q691Fg,2011,summer,Nkw1_5mO2baUt32Ww9lm-w,2018,autumn,39.97787767,-75.13119109,Fishtown - Lower Kensington
